total_sqft,num_bedrooms,num_bathrooms,num_balconies,num_stories,house_age,distance_to_mrt,num_convenience_stores,latitude,longitude,is_gated_community,parking_slots,property_type,floor_number,distance_to_main_road,House Price,Price_Cleaned
1743,3,4,0,2,3,1.56,11,12.911745401188472,77.63685132928839,1,1,Apartment,1,432,291.58,291.58
662,1,2,2,2,30,3.01,9,12.917507143064098,77.64041900947379,0,2,Villa,0,72,61.82,61.82
2474,3,3,1,2,3,1.43,9,12.915319939418112,77.64372945835876,1,2,Apartment,18,57,355.98,355.98
3791,5,5,2,5,16,4.68,3,12.91398658484197,77.64232224886409,1,1,Apartment,12,96,471.17,471.17
769,1,2,1,2,8,0.83,2,12.909560186404423,77.64306561147862,1,2,Apartment,4,313,100.08,100.08
1131,2,2,2,4,18,4.03,11,12.90955994520336,77.6415878336671,1,3,Independent House,0,70,137.46,137.46
1405,2,2,3,5,4,2.64,10,12.90858083612168,77.64192276564518,1,2,Villa,0,405,220.35,220.35
3971,5,5,3,2,21,3.8,7,12.916661761457748,77.64349195651565,0,1,Independent House,0,343,400.76,400.76
3753,5,5,0,1,23,1.69,2,12.914011150117432,77.63749668008859,1,3,Independent House,0,449,493.43,493.43
2514,4,4,2,3,5,2.67,6,12.91508072577796,77.63989424963643,0,3,Villa,2,283,236.01,236.01
2141,3,4,1,3,2,4.31,6,12.908205844942955,77.6372120944182,1,2,Independent House,2,420,207.3,207.3
704,1,2,1,3,21,2.44,6,12.91769909852162,77.64487668007996,1,3,Apartment,19,293,81.77,81.77
1081,2,3,2,5,0,1.93,12,12.916324426408003,77.64444059339687,1,1,Apartment,9,475,175.32,175.32
1340,2,3,1,2,19,2.77,6,12.910123391106785,77.63539426811369,1,3,Apartment,5,89,148.36,148.36
2219,3,3,3,5,21,3.64,1,12.909818249672073,77.64205575172515,0,2,Apartment,11,189,210.98,210.98
3143,4,4,1,4,15,2.33,9,12.909834045098531,77.64425248317416,1,2,Villa,1,281,560.46,560.46
2797,4,5,0,1,22,4.71,2,12.911042422429595,77.63680575345127,1,3,Independent House,2,86,255.64,255.64
1374,2,2,3,1,10,1.62,9,12.913247564316322,77.64067945230552,0,1,Independent House,1,451,190.71,190.71
1189,2,2,3,3,12,2.48,8,12.91231945018642,77.64415488297588,1,1,Apartment,0,230,174.25,174.25
4500,5,6,3,3,26,3.83,2,12.91091229140198,77.63533945978587,1,2,Apartment,9,402,502.04,502.04
3641,5,5,2,3,9,3.51,1,12.914118528947224,77.64197420267247,1,2,Independent House,2,291,308.24,308.24
1922,3,4,2,2,2,4.35,8,12.90939493860652,77.63797349007373,1,1,Villa,2,37,239.32,239.32
1171,2,3,3,4,8,4.98,12,12.910921446485352,77.64424396195376,0,3,Independent House,2,370,144.18,144.18
1671,3,3,2,4,27,2.25,9,12.911663618432936,77.64471058245165,0,3,Apartment,3,86,148.71,148.71
4226,5,5,1,4,11,0.73,8,12.91256069984217,77.64444266489113,1,3,Apartment,13,173,685.17,685.17
1443,2,3,2,4,22,0.35,3,12.915851759613927,77.63974214216658,1,3,Villa,1,18,183.58,183.58
1949,3,4,2,3,13,3.69,11,12.909996737821585,77.64362042650988,0,1,Independent House,2,184,242.92,242.92
4237,5,5,3,1,0,4.4,8,12.913142344384136,77.64344549398535,0,2,Villa,0,471,564.62,564.62
3039,4,5,0,3,17,1.26,2,12.91392414568862,77.63819100473243,1,2,Villa,0,316,469.55,469.55
4459,5,6,0,4,16,0.96,6,12.9084645041272,77.64328915474151,0,3,Apartment,13,85,444.28,444.28
4760,5,6,0,3,26,0.5,6,12.914075448519014,77.63537007634716,0,1,Independent House,1,254,530.35,530.35
2861,4,4,1,4,8,4.15,10,12.909705241236871,77.64096269878482,0,1,Apartment,2,131,352.21,352.21
4152,5,6,2,5,8,1.69,7,12.908650515929851,77.63730008837288,0,3,Independent House,1,194,461.16,461.16
4170,5,5,0,1,22,2.13,9,12.917488855372532,77.63620566885778,1,3,Apartment,18,41,548.51,548.51
2253,3,4,3,5,9,2.61,3,12.917656320330744,77.6357695320163,1,3,Apartment,2,495,265.06,265.06
2852,4,4,0,2,18,4.23,2,12.916083973481165,77.64196288775878,0,2,Independent House,1,460,218.31,218.31
2438,3,4,0,3,28,3.32,2,12.911046137691732,77.63839874963769,0,3,Independent House,0,259,227.23,227.23
870,2,2,2,2,14,3.15,11,12.908976721140064,77.64224766771528,0,2,Apartment,9,66,73.85,73.85
4979,5,5,2,3,4,1.04,4,12.91484233026512,77.635653563408,1,1,Independent House,0,319,621.27,621.27
2431,3,3,2,5,14,2.66,10,12.912401524937396,77.63815290337831,0,1,Apartment,0,381,278.38,278.38
924,2,3,1,4,19,3.63,0,12.909220382348447,77.64039491292375,1,2,Independent House,0,153,61.96,61.96
1394,2,3,1,4,22,4.87,9,12.912951769101111,77.6429072316484,1,2,Apartment,2,327,98.58,98.58
1097,2,3,0,3,29,1.17,2,12.908343885211153,77.63818752502932,0,2,Apartment,18,93,81.74,81.74
3562,5,5,2,4,24,0.25,5,12.917093204020787,77.64125891376437,0,2,Apartment,10,489,245.42,245.42
2836,4,5,0,5,27,0.56,2,12.910587799816,77.64385977748236,0,3,Villa,1,65,245.64,245.64
2187,3,3,3,4,1,2.0,4,12.914625222843538,77.64115863188182,1,1,Independent House,2,288,285.48,285.48
1072,2,3,3,5,12,4.14,8,12.911117110760893,77.63732959474754,1,3,Apartment,18,282,143.03,143.03
2590,4,4,2,2,23,0.23,1,12.913200680211778,77.63524400781557,0,2,Villa,1,473,278.71,278.71
4169,5,5,2,5,15,2.39,10,12.913467102793431,77.64370098873901,1,3,Apartment,7,175,513.25,513.25
4772,5,5,3,1,14,1.78,1,12.909848544555254,77.6352126941085,0,3,Villa,1,465,622.31,622.31
2133,3,4,2,1,24,0.45,11,12.917695846277644,77.64374701672683,1,1,Apartment,12,476,213.3,213.3
2017,3,4,1,1,9,2.36,5,12.915751328233611,77.64028937134027,1,3,Apartment,11,167,284.81,284.81
4793,5,6,1,3,13,1.42,5,12.91739498941564,77.64439067698513,1,1,Villa,1,258,536.05,536.05
3157,4,4,2,3,9,1.89,10,12.916948273504277,77.64298783235773,1,2,Villa,1,195,546.1,546.1
4148,5,5,3,3,24,3.59,10,12.91397899978811,77.64497934110533,1,3,Independent House,2,491,413.9,413.9
4088,5,6,0,5,13,2.7,7,12.917218742350231,77.63850711815452,1,2,Independent House,0,87,390.33,390.33
2037,3,4,2,3,25,0.8,11,12.90888492502052,77.6426718828893,1,1,Villa,0,31,233.93,233.93
3637,5,6,2,2,29,4.81,12,12.90995982862419,77.63901930913609,1,2,Independent House,1,117,260.42,260.42
597,1,1,0,1,22,3.25,10,12.908452272889106,77.63979875620304,0,2,Villa,2,282,50.57,50.57
3715,5,5,2,5,30,3.88,1,12.911253303307632,77.64127505463219,0,1,Independent House,2,261,225.38,225.38
4250,5,5,0,1,8,0.58,8,12.911886772896894,77.64373677114186,1,2,Apartment,10,24,440.73,440.73
3657,5,5,3,3,24,0.43,1,12.910713490317738,77.64484083469199,1,2,Independent House,2,379,267.89,267.89
843,2,2,1,5,13,0.29,12,12.91628737509152,77.64268273413865,1,2,Apartment,5,313,127.04,127.04
1110,2,3,3,4,2,1.11,0,12.911567533266934,77.63917766782167,1,3,Apartment,11,169,111.42,111.42
2227,3,3,1,2,19,2.19,9,12.910809345096872,77.63921357002278,1,2,Independent House,2,214,192.41,192.41
2790,4,4,0,3,15,4.69,1,12.913426960831584,77.64237582301588,1,1,Villa,0,478,340.88,340.88
2354,3,3,1,3,1,2.39,11,12.909409242249748,77.63738777145768,1,3,Apartment,9,122,294.22,294.22
3108,4,4,3,2,9,1.59,6,12.91602196980754,77.63610474113132,1,3,Apartment,2,177,481.77,481.77
2579,4,4,1,2,2,2.9,7,12.908745506436798,77.6385462215764,0,1,Independent House,2,362,315.61,315.61
2824,4,5,0,4,10,0.74,4,12.917868869366004,77.63787238991654,0,2,Villa,2,262,323.7,323.7
1677,3,3,1,3,10,3.13,5,12.915722447692966,77.63796308120456,1,3,Villa,2,450,199.05,199.05
1591,3,3,2,3,20,2.93,11,12.90998715681534,77.6373360775105,0,3,Independent House,1,195,182.19,182.19
3291,4,4,3,1,20,4.0,0,12.908055221171235,77.63542093189636,1,3,Villa,2,356,296.77,296.77
2249,3,4,2,5,21,4.94,5,12.916154614284547,77.63517873934734,0,2,Independent House,1,236,222.6,222.6
3175,4,5,0,5,12,1.4,11,12.915068573438475,77.64487722389735,0,3,Independent House,2,25,402.73,402.73
1281,2,3,1,1,6,2.65,7,12.91529007168041,77.63927773133736,1,1,Independent House,2,165,160.15,160.15
3548,5,5,2,5,22,4.56,12,12.91571270346686,77.6388432664716,1,2,Apartment,20,363,273.12,273.12
2605,4,5,2,2,16,3.97,2,12.90874044651734,77.64179647282693,0,1,Apartment,11,120,212.53,212.53
4367,5,5,1,5,29,2.54,10,12.911584657285442,77.63718253887865,1,1,Apartment,15,10,318.7,318.7
2613,4,4,1,5,1,4.74,0,12.90915869059525,77.64449961183949,1,3,Independent House,1,50,311.66,311.66
4470,5,6,3,1,11,0.47,10,12.916631034258756,77.64286345014415,1,3,Apartment,12,57,500.05,500.05
2491,3,3,2,4,24,4.67,3,12.914232981268276,77.63589411002313,0,3,Apartment,2,424,219.96,219.96
1567,3,3,2,5,9,0.44,0,12.911308980248526,77.63917580775785,1,1,Apartment,14,429,218.38,218.38
2077,3,3,0,5,17,2.83,7,12.90863558350286,77.64379118307562,1,2,Independent House,1,117,217.16,217.16
1511,3,4,3,4,21,4.47,4,12.911109823217156,77.64444732022291,0,3,Independent House,0,170,115.96,115.96
2774,4,4,0,1,26,1.46,0,12.911251833220266,77.6396740151125,1,3,Independent House,1,170,319.64,319.64
2314,3,3,2,4,10,2.47,7,12.91529606178338,77.64113411389211,1,1,Apartment,17,368,255.88,255.88
2926,4,5,0,1,15,1.76,8,12.914375574713551,77.63667033946092,1,2,Villa,2,137,387.02,387.02
4902,5,5,2,2,16,4.77,9,12.916872127425762,77.64491168626137,1,1,Apartment,13,219,345.85,345.85
3051,4,4,2,1,18,4.15,1,12.91272214925162,77.63731671701383,0,3,Apartment,4,160,321.92,321.92
4157,5,6,0,2,17,3.6,8,12.909195942459382,77.64442731774135,0,1,Independent House,0,453,303.63,303.63
507,1,1,0,2,2,3.02,7,12.91513244787223,77.64149646648993,1,3,Independent House,1,264,62.9,62.9
3055,4,4,1,1,20,4.14,6,12.915607850486168,77.64107736794878,1,2,Apartment,7,480,330.45,330.45
975,2,2,1,3,26,2.08,2,12.913612771975696,77.64012688511016,1,1,Apartment,14,472,123.43,123.43
2711,4,4,1,1,25,2.35,1,12.915709671799544,77.63730669811719,1,3,Villa,0,227,296.03,296.03
984,2,2,2,5,15,3.7,6,12.912937955963644,77.63676528032006,0,3,Villa,2,39,91.87,91.87
2785,4,5,0,5,5,1.92,4,12.91322732829382,77.6372048620907,0,3,Independent House,1,482,236.25,236.25
4025,5,6,3,3,24,0.51,5,12.912275410183584,77.63686438262144,1,3,Villa,2,54,598.54,598.54
3839,5,6,2,2,11,0.56,3,12.90825419126744,77.64279584473566,0,1,Villa,1,89,574.06,574.06
3322,4,5,3,3,10,0.75,1,12.909078914269932,77.63850125259167,1,3,Independent House,1,48,329.56,329.56
3424,4,4,0,5,14,4.37,8,12.908314291856868,77.63557842676563,0,1,Villa,2,249,272.23,272.23
758,1,1,2,3,14,2.47,2,12.914364104112638,77.6446910263014,1,3,Apartment,7,54,66.26,66.26
782,1,1,3,1,15,3.62,11,12.911143559810762,77.64383785884964,0,1,Villa,1,87,80.64,80.64
2398,3,3,3,3,9,2.09,6,12.913085706911646,77.64427752283194,1,1,Independent House,2,346,389.19,389.19
4635,5,5,1,2,11,1.44,7,12.91707566473926,77.64494907822646,1,3,Apartment,14,405,453.82,453.82
3476,4,5,1,1,27,1.87,1,12.910492922291487,77.6367389524922,0,3,Villa,2,358,367.28,367.28
2767,4,5,1,4,12,4.01,5,12.912103829230356,77.63896242018903,0,3,Apartment,2,297,235.26,235.26
3700,5,5,2,5,3,3.2,10,12.91555551138543,77.64258238475703,0,3,Apartment,9,449,317.98,317.98
1112,2,2,0,5,6,4.7,7,12.910287981654916,77.64196020618054,1,2,Villa,2,289,181.36,181.36
1187,2,2,0,3,21,3.46,6,12.908769799098287,77.6365389590634,0,3,Villa,0,125,148.49,148.49
4190,5,6,1,1,1,2.94,10,12.910897514529138,77.64315833124991,1,3,Independent House,2,278,378.88,378.88
1112,2,2,1,4,25,3.13,2,12.90961221287254,77.63724440571836,1,3,Independent House,2,413,107.77,107.77
2807,4,4,1,1,26,4.72,0,12.917296976523424,77.63723817614823,1,1,Apartment,15,344,252.91,252.91
3513,5,5,3,5,26,3.98,5,12.916081203795644,77.64036974422893,0,3,Independent House,0,321,186.14,186.14
2281,3,4,1,1,26,0.32,7,12.914334037565103,77.64092939934842,1,1,Apartment,4,62,292.06,292.06
3091,4,4,3,4,14,2.76,5,12.916714605901875,77.64080086207838,0,1,Apartment,13,77,345.69,345.69
3196,4,5,0,3,30,3.5,4,12.916036720768991,77.63591486837399,1,1,Independent House,1,191,325.17,325.17
4458,5,6,2,2,7,3.79,10,12.90986570058886,77.6437746086263,1,1,Independent House,1,43,508.79,508.79
1074,2,3,2,1,6,1.22,11,12.9169255899849,77.63765600042589,1,2,Independent House,0,293,134.46,134.46
2410,3,4,2,2,30,4.36,7,12.913393422419157,77.63629514921283,1,3,Villa,2,315,216.57,216.57
4104,5,6,2,5,14,4.79,1,12.91607440155164,77.64388748079868,0,1,Apartment,15,395,227.21,227.21
1169,2,3,3,3,22,1.34,11,12.916960912999237,77.6445565149823,0,3,Apartment,13,258,102.05,102.05
4864,5,5,3,3,13,4.44,0,12.911180034749718,77.64362127617265,1,1,Apartment,4,120,384.93,384.93
1783,3,3,1,1,30,0.67,0,12.909100519245277,77.64309516074725,0,2,Independent House,0,103,158.24,158.24
1423,2,2,3,3,7,0.47,3,12.91027935162542,77.64155241980639,1,1,Independent House,0,419,150.54,150.54
1625,3,4,1,1,27,0.82,5,12.91227107788626,77.64050857370609,1,3,Independent House,2,188,137.11,137.11
2029,3,3,1,1,11,0.48,12,12.916180147659224,77.63586986759911,1,3,Independent House,1,56,191.12,191.12
2094,3,4,2,2,12,4.26,8,12.916607305832562,77.63908453213071,1,2,Independent House,0,291,272.98,272.98
746,1,2,3,3,29,0.48,0,12.908069521305311,77.63872688517013,1,3,Villa,1,349,77.98,77.98
4211,5,6,3,1,10,1.5,11,12.913107473025777,77.6375975378376,1,3,Independent House,0,371,485.01,485.01
2060,3,3,1,2,16,0.7,0,12.912174110031486,77.64223420113689,1,1,Apartment,15,101,154.0,154.0
2900,4,5,1,4,30,1.62,12,12.910221078104708,77.63995875735078,1,3,Independent House,1,385,327.68,327.68
2743,4,5,0,2,28,0.63,12,12.909198653673336,77.63581046215909,0,1,Apartment,15,221,224.51,224.51
4364,5,5,0,2,16,3.41,4,12.911376151714036,77.6372018320195,0,2,Independent House,1,84,413.72,413.72
2439,3,3,1,1,23,0.84,9,12.917429097039124,77.6418325876366,1,3,Independent House,0,387,344.07,344.07
3569,5,6,0,5,3,4.29,4,12.911232029320209,77.63576130859491,1,1,Apartment,3,211,340.68,340.68
726,1,2,0,5,20,4.12,4,12.913187906217432,77.64351206914048,1,3,Apartment,13,454,83.15,83.15
4047,5,5,1,5,7,0.27,9,12.91503018958895,77.63995146527014,0,1,Apartment,3,416,587.7,587.7
764,1,1,1,2,4,4.5,5,12.911636296023792,77.63980586577327,0,2,Apartment,11,430,82.32,82.32
1895,3,3,3,1,25,0.34,7,12.917717820827209,77.64092407784659,0,1,Villa,1,306,268.24,268.24
4057,5,6,1,3,15,1.35,2,12.91762447294942,77.64324680965925,0,3,Apartment,3,317,372.9,372.9
1145,2,2,1,2,3,0.36,8,12.910517822958251,77.63847809207903,0,1,Independent House,1,220,163.31,163.31
3490,4,4,2,2,27,1.81,12,12.912972485058924,77.64178016152559,1,3,Independent House,0,347,359.48,359.48
2399,3,3,3,1,21,2.67,0,12.911008783098168,77.64065731963996,1,2,Villa,0,442,351.89,351.89
3004,4,5,3,4,28,4.02,3,12.910848404943774,77.63767028270169,1,1,Apartment,13,420,278.24,278.24
3272,4,4,3,2,14,1.82,8,12.908368869473543,77.64378629986355,0,3,Independent House,2,143,424.33,424.33
1654,3,3,2,4,11,3.59,7,12.9140956433398,77.64297426021606,0,3,Villa,1,339,241.33,241.33
1087,2,2,1,4,4,1.1,9,12.913026790232289,77.64158451834659,1,3,Independent House,0,75,153.25,153.25
2321,3,3,3,5,29,3.8,8,12.9085147875125,77.64350581729094,1,1,Villa,0,289,225.08,225.08
1485,2,2,3,1,22,1.33,0,12.910786464642364,77.6436729420096,0,1,Villa,2,431,156.89,156.89
4579,5,6,0,4,15,0.89,8,12.917082658859666,77.64208362976714,1,1,Apartment,4,37,568.77,568.77
3848,5,6,3,1,13,1.09,2,12.91039561890667,77.64337013328364,0,2,Villa,0,421,652.53,652.53
4331,5,6,1,5,9,1.07,10,12.909448948720913,77.6419747146167,1,3,Independent House,1,126,685.89,685.89
1741,3,3,1,1,6,2.66,11,12.912894527602775,77.64180140771761,1,3,Independent House,1,379,190.97,190.97
689,1,2,0,2,12,4.26,9,12.917856504541104,77.64118611378215,0,2,Apartment,2,496,67.47,67.47
1480,2,3,3,4,19,0.58,8,12.910420552715117,77.64252716639558,1,2,Apartment,15,459,155.66,155.66
2198,3,4,3,1,27,3.59,0,12.914721355474056,77.63658605105293,0,1,Villa,0,326,215.74,215.74
2215,3,3,3,3,28,3.34,0,12.915616196153286,77.64380870759199,1,1,Apartment,3,439,203.75,203.75
3093,4,4,2,1,4,4.39,8,12.910376375439924,77.64371843527745,1,1,Independent House,0,334,285.34,285.34
4636,5,6,3,4,28,1.37,10,12.915282163486118,77.63529247283034,1,1,Independent House,2,123,328.2,328.2
4933,5,6,1,5,2,2.36,5,12.911677831327191,77.64325816750565,1,1,Apartment,20,84,760.75,760.75
1598,3,3,1,5,14,4.64,3,12.914323058305936,77.63628869867473,1,1,Apartment,7,211,166.97,166.97
2826,4,4,2,4,3,3.37,6,12.914335297107607,77.6383511885426,0,2,Apartment,4,436,321.13,321.13
3747,5,6,2,2,14,2.07,4,12.913357746840749,77.64243508256291,1,2,Villa,1,68,639.04,639.04
1395,2,2,3,2,13,0.83,9,12.908902897700544,77.63660759896048,0,2,Villa,1,395,157.65,157.65
2174,3,4,0,5,19,1.46,6,12.916353024955892,77.64317967024118,0,3,Independent House,1,24,247.93,247.93
3409,4,4,2,5,18,2.99,7,12.911207800649716,77.64332134177957,1,3,Villa,1,240,489.03,489.03
1430,2,3,2,4,12,3.65,7,12.909865185103998,77.64007467733761,0,1,Villa,0,114,189.66,189.66
4884,5,6,3,2,9,0.8,0,12.908407751415549,77.63506385871717,0,2,Villa,2,174,752.79,752.79
1223,2,2,3,5,20,3.08,7,12.913908929431882,77.63787038133175,1,3,Villa,2,208,192.88,192.88
3440,4,5,2,2,4,2.84,5,12.91477564361842,77.64116926918376,0,3,Independent House,0,413,327.26,327.26
1589,3,4,0,5,26,2.67,3,12.908165878289278,77.64481186178027,1,2,Apartment,5,363,156.26,156.26
1435,2,3,2,1,22,3.51,12,12.913120930582991,77.64131813527017,0,3,Independent House,2,44,120.75,120.75
2795,4,4,3,3,19,4.22,11,12.91026495775198,77.63759803581064,0,3,Villa,0,171,239.15,239.15
655,1,1,3,1,28,1.75,7,12.914451727904094,77.641340057031,0,2,Apartment,9,254,69.5,69.5
1570,3,3,2,5,19,4.47,2,12.90974366429005,77.64039985379716,1,3,Apartment,19,479,176.45,176.45
2458,3,4,0,3,24,0.97,12,12.914909377381024,77.64279845395151,1,2,Apartment,20,296,241.94,241.94
3001,4,4,2,3,5,1.03,3,12.911867353463006,77.63606980638828,0,3,Independent House,2,392,386.97,386.97
4719,5,6,2,5,30,1.48,5,12.917367299887369,77.64261027902502,0,2,Apartment,16,480,477.08,477.08
4330,5,6,3,5,3,0.77,10,12.90937520944146,77.64041266578676,1,3,Independent House,2,28,524.98,524.98
1354,2,2,0,2,1,1.31,6,12.911410663510502,77.64462992003858,0,3,Independent House,0,461,187.71,187.71
1139,2,2,1,5,21,0.71,3,12.909134735212405,77.63841872166039,1,2,Villa,2,289,143.33,143.33
2738,4,5,0,4,15,4.14,3,12.917246936182783,77.64132621893134,0,3,Villa,1,349,287.71,287.71
2102,3,4,2,5,17,0.87,6,12.91677339353381,77.6443202810551,1,2,Apartment,15,432,215.08,215.08
941,2,2,2,4,4,3.79,5,12.910579416277152,77.63602509727991,0,2,Apartment,1,357,108.1,108.1
1836,3,3,2,5,21,0.43,12,12.91459984046034,77.64437228487236,1,3,Villa,0,191,208.08,208.08
4200,5,5,0,2,3,4.75,10,12.916172222002013,77.641878857223,1,1,Independent House,1,432,579.62,579.62
1448,2,3,3,4,29,3.61,7,12.913552008115994,77.63567837059105,1,3,Independent House,2,410,155.8,155.8
3873,5,6,2,1,12,0.23,0,12.91329650578356,77.63800963566948,0,1,Villa,2,156,378.31,378.31
959,2,3,2,4,18,3.87,9,12.910418522909003,77.64208172088645,1,1,Independent House,1,383,94.66,94.66
892,2,3,0,2,22,2.67,12,12.908931027678058,77.6356735060147,1,3,Villa,0,185,87.1,87.1
4438,5,6,1,4,1,3.94,10,12.916972157579533,77.64082170460176,0,1,Villa,1,172,546.41,546.41
2287,3,3,1,5,12,2.71,6,12.917004180571633,77.63845883056953,0,2,Apartment,18,425,204.91,204.91
2757,4,4,3,5,10,3.28,11,12.914331014572731,77.64120915517768,1,2,Apartment,6,184,226.31,226.31
1638,3,4,3,2,29,3.97,6,12.911390297910486,77.63545742033813,0,1,Villa,1,56,143.1,143.1
4308,5,6,2,3,21,2.14,10,12.911492095746128,77.64371536806152,1,2,Apartment,13,265,468.72,468.72
2954,4,4,0,5,28,0.21,6,12.9152595567887,77.64473488969178,1,3,Villa,1,457,442.57,442.57
1966,3,3,2,1,3,4.28,6,12.916971102599526,77.64468877855285,1,2,Independent House,2,183,256.18,256.18
4174,5,5,3,2,21,2.03,9,12.91687086424265,77.64249651831743,1,1,Independent House,2,112,315.36,315.36
1877,3,3,0,4,19,2.58,9,12.915798755458576,77.63630086240131,1,3,Independent House,2,130,240.28,240.28
3097,4,5,0,4,19,0.24,7,12.914420316461545,77.64258263195929,0,2,Independent House,0,428,318.42,318.42
641,1,1,3,1,14,2.56,8,12.90884139964995,77.63524586916459,1,3,Villa,2,359,101.33,101.33
3159,4,5,1,5,3,4.94,8,12.909616287140944,77.63522123551529,0,1,Independent House,2,154,195.83,195.83
1339,2,2,1,2,8,1.54,1,12.91698554188527,77.6382361021915,1,2,Independent House,0,51,191.31,191.31
4118,5,5,0,1,6,2.1,12,12.914064290596595,77.63988643190405,1,3,Independent House,0,376,535.14,535.14
4417,5,5,2,5,18,3.5,12,12.908091970516166,77.64270407417807,0,3,Independent House,0,38,509.91,509.91
1095,2,3,1,2,18,4.11,6,12.90901471542866,77.64183295376607,1,2,Villa,0,463,99.79,99.79
2404,3,4,2,4,5,2.2,6,12.91463501769108,77.63945902706377,0,3,Independent House,0,389,284.32,284.32
780,1,1,1,2,5,1.69,3,12.908050615838462,77.63773626666281,1,3,Apartment,20,282,69.81,69.81
923,2,3,1,3,19,4.7,8,12.909608080514175,77.64497124500157,1,1,Apartment,5,474,95.98,95.98
4865,5,6,2,2,14,3.45,7,12.913487337893663,77.63926181302236,1,1,Apartment,1,23,392.9,392.9
4749,5,5,3,3,14,0.77,11,12.914918951976926,77.63951387024329,0,1,Apartment,5,417,494.27,494.27
2250,3,3,1,2,24,0.53,0,12.914519612595026,77.63663623821192,1,1,Apartment,13,450,203.74,203.74
2467,3,4,1,3,19,2.52,1,12.910242693094604,77.6429480954875,1,1,Apartment,10,315,223.33,223.33
4588,5,6,2,4,8,1.26,12,12.915121792213474,77.64193682225782,0,1,Villa,0,322,816.29,779.19625
4678,5,6,3,5,3,1.42,12,12.910372490874968,77.63720769612789,1,2,Apartment,8,494,787.78,779.19625
3446,4,4,1,3,17,4.41,1,12.911253996981593,77.63582381045616,0,1,Independent House,2,198,335.65,335.65
1949,3,3,1,3,17,0.63,11,12.91546491405118,77.64180499302074,1,3,Apartment,15,369,167.81,167.81
2831,4,5,3,4,4,3.63,11,12.914496328990472,77.64154511214281,1,2,Villa,2,304,316.94,316.94
2720,4,4,1,3,19,1.5,10,12.916492234104942,77.63773259526998,1,3,Apartment,3,192,316.78,316.78
4289,5,5,3,1,22,3.85,7,12.914576128923002,77.6445086356225,1,1,Independent House,0,361,471.53,471.53
3310,4,5,3,4,29,3.67,0,12.913683086033354,77.63651057891781,1,1,Independent House,0,45,240.97,240.97
2031,3,4,2,1,10,0.24,3,12.90893674767828,77.63932334801042,1,3,Villa,0,379,277.8,277.8
3490,4,4,0,4,4,2.64,9,12.911677158030594,77.64443615920167,0,3,Villa,1,46,555.15,555.15
4993,5,5,3,3,21,0.87,11,12.910652023676816,77.63919727316926,0,3,Villa,2,23,440.65,440.65
1643,3,4,2,1,25,4.36,4,12.91043989643379,77.64138525947664,1,2,Villa,2,420,169.78,169.78
1433,2,2,0,3,3,4.38,8,12.917730105547523,77.63897594397963,1,1,Apartment,7,132,167.69,167.69
1960,3,3,1,4,28,2.21,6,12.911930977246667,77.63774215202349,1,3,Apartment,0,92,217.98,217.98
3223,4,5,0,3,11,2.33,7,12.91692046555177,77.6448397764796,0,1,Independent House,1,168,373.7,373.7
3012,4,5,3,1,1,1.66,10,12.914311386259971,77.63909334006316,0,3,Villa,0,338,373.6,373.6
785,1,1,3,1,12,3.64,8,12.915948113035416,77.64394099203679,0,1,Villa,1,111,112.88,112.88
764,1,1,3,3,9,1.92,12,12.913026370931052,77.63729954605891,1,2,Apartment,8,346,128.27,128.27
2867,4,4,3,2,8,1.49,6,12.913769038846263,77.63713104704026,1,1,Villa,2,92,373.47,373.47
3947,5,6,3,4,9,2.27,4,12.912925176938188,77.63531134082885,0,3,Independent House,1,53,509.79,509.79
2262,3,3,2,4,30,0.64,12,12.90995242987798,77.64151666825376,0,1,Independent House,1,77,223.33,223.33
3548,5,5,3,3,6,3.78,4,12.915224521152616,77.63868526343724,1,2,Villa,0,57,530.07,530.07
2881,4,5,2,2,3,0.26,9,12.910807723624409,77.6436435824984,0,2,Independent House,1,66,412.23,412.23
2769,4,5,1,1,18,3.29,10,12.908243159664314,77.63973209906692,1,1,Independent House,2,84,209.33,209.33
540,1,1,3,5,9,1.08,5,12.914454722959071,77.64468193427915,0,3,Apartment,6,31,53.21,53.21
567,1,2,3,5,29,1.32,4,12.90977110679407,77.63685525515703,1,2,Independent House,2,141,58.68,58.68
1487,2,3,0,3,30,3.25,12,12.917404585843528,77.64368623167955,1,2,Villa,0,474,133.51,133.51
4508,5,5,1,2,2,4.97,11,12.917539285770026,77.64276596852791,1,1,Villa,1,465,433.7,433.7
3698,5,6,3,2,24,3.93,10,12.917148643902204,77.64270921844644,0,2,Independent House,0,311,248.29,248.29
3024,4,5,3,4,20,1.28,8,12.911701587002554,77.64344783228117,0,2,Villa,2,452,340.77,340.77
1585,3,3,1,1,28,1.04,2,12.908154566165289,77.64261023990943,1,3,Apartment,17,427,153.55,153.55
2979,4,5,2,2,30,4.36,2,12.917283185625877,77.64126220321631,1,3,Independent House,2,276,301.68,301.68
2193,3,3,3,5,18,2.33,6,12.912281841483171,77.63631244877683,0,3,Independent House,1,296,261.22,261.22
2815,4,4,0,1,30,0.86,6,12.917666548190436,77.63532526179492,0,1,Independent House,1,404,181.46,181.46
1278,2,3,3,1,20,4.34,5,12.917636199770891,77.64420847847815,1,2,Villa,0,129,157.38,157.38
2085,3,4,0,3,1,4.12,2,12.916530094554671,77.6411665031452,1,1,Villa,1,255,288.29,288.29
1992,3,4,0,2,26,4.92,12,12.910944488920697,77.64296537290976,0,2,Independent House,2,65,180.89,180.89
1160,2,2,3,3,19,4.57,6,12.91185097728602,77.63981522351513,0,2,Villa,1,47,94.57,94.57
1848,3,4,3,2,9,4.29,4,12.916511366715168,77.63617308188962,1,2,Villa,2,254,178.84,178.84
1799,3,3,0,4,1,0.45,6,12.911169220051562,77.63625185792203,1,3,Independent House,0,30,204.61,204.61
4440,5,6,1,3,1,0.7,1,12.90969492746686,77.6418556528723,1,1,Independent House,2,119,485.56,485.56
2486,3,4,1,3,27,2.93,5,12.913568012624582,77.639303058949,1,1,Villa,1,103,366.49,366.49
2544,4,5,3,5,23,2.75,7,12.917361547741606,77.63700524726701,0,2,Independent House,2,403,156.94,156.94
4016,5,5,2,3,16,2.4,0,12.914960297966749,77.63991594546742,0,1,Independent House,2,419,285.72,285.72
1558,3,4,1,2,15,2.1,3,12.913700611700891,77.63564208937076,0,3,Independent House,1,484,158.65,158.65
1476,2,3,3,5,15,2.27,10,12.908971764937707,77.64081971401914,1,1,Independent House,2,145,160.59,160.59
1227,2,2,1,3,13,2.93,0,12.914150072266992,77.63768993404436,1,2,Villa,1,240,173.35,173.35
3027,4,4,2,3,6,0.21,0,12.917900538501042,77.64297559100638,0,3,Independent House,0,17,329.97,329.97
3636,5,6,3,4,20,1.45,9,12.909400840152363,77.63810361958924,1,3,Apartment,3,453,457.93,457.93
842,2,3,2,3,30,2.69,11,12.913183296523636,77.63955220149082,0,2,Independent House,2,337,76.7,76.7
1947,3,4,3,1,10,3.67,10,12.916773730719278,77.63511620539909,1,1,Apartment,16,384,222.99,222.99
2879,4,4,2,5,23,1.04,7,12.915407686177542,77.63572446887795,1,2,Independent House,2,299,395.35,395.35
4159,5,5,1,1,0,2.83,6,12.914970157409952,77.63892493556406,0,1,Apartment,8,260,452.18,452.18
1026,2,2,1,5,10,3.63,11,12.91502484083987,77.63979938834717,0,1,Apartment,6,409,88.91,88.91
2396,3,3,2,4,22,2.33,9,12.911594911512196,77.64100020548119,1,3,Independent House,0,370,234.55,234.55
2573,4,5,2,3,20,0.33,12,12.910935918442645,77.6379166257871,1,2,Independent House,2,406,265.41,265.41
905,2,2,2,3,3,2.36,0,12.916093611554784,77.64194981886126,1,3,Independent House,1,96,110.34,110.34
2073,3,3,3,3,6,1.62,10,12.91610113394679,77.64360122397188,1,2,Apartment,6,213,235.06,235.06
4240,5,5,1,5,25,4.66,12,12.9166707231858,77.64279850988893,1,2,Villa,2,228,457.0,457.0
4774,5,6,3,3,14,0.8,1,12.917132405525564,77.6353961882535,0,3,Villa,2,415,544.22,544.22
4727,5,6,1,1,17,3.33,3,12.913113423988609,77.63980506947257,0,2,Independent House,0,489,343.67,343.67
2346,3,3,0,3,11,0.45,0,12.913015162946872,77.63604930178418,1,2,Villa,1,250,366.44,366.44
1978,3,3,3,4,30,2.34,2,12.915982951789667,77.63742045015863,0,1,Villa,1,420,185.68,185.68
2895,4,5,1,1,16,2.86,7,12.914499639307778,77.64486662593266,1,2,Independent House,2,329,380.82,380.82
1271,2,3,1,3,0,1.63,7,12.915019668772576,77.63642495542902,0,2,Apartment,20,267,141.82,141.82
1078,2,3,3,3,10,2.38,7,12.91595792669436,77.63998888153452,0,3,Independent House,0,118,94.12,94.12
3401,4,5,3,2,27,0.99,5,12.916900053418177,77.64118155734317,0,3,Villa,1,265,333.03,333.03
693,1,2,1,5,0,1.66,5,12.911379951568517,77.64202464970543,1,2,Apartment,4,490,69.67,69.67
2507,4,5,3,1,14,3.18,4,12.9117558295264,77.64059648683487,0,1,Villa,2,291,258.7,258.7
1685,3,4,2,2,27,1.65,12,12.908939819398409,77.63509770847419,1,1,Apartment,6,229,215.25,215.25
2894,4,5,3,4,20,4.52,8,12.913782801409962,77.63826461308244,1,3,Villa,0,92,241.32,241.32
3498,4,4,3,5,9,3.22,3,12.908359422737966,77.64017711643385,1,2,Independent House,1,116,359.26,359.26
2292,3,3,3,1,6,2.31,9,12.912655980181324,77.63587866499145,1,2,Villa,2,78,300.39,300.39
1610,3,3,1,3,1,0.39,11,12.913426446347074,77.63850626931209,0,1,Villa,1,106,290.0,290.0
4505,5,5,2,1,9,2.6,11,12.910865412521282,77.63533203108791,1,1,Apartment,16,221,677.44,677.44
2761,4,4,0,3,23,3.87,11,12.91390833260569,77.63578578497156,0,1,Villa,2,295,259.48,259.48
4236,5,5,0,5,3,1.47,6,12.90830500249939,77.63896923276202,1,3,Independent House,2,246,632.96,632.96
4293,5,6,2,3,11,4.07,0,12.908373481887493,77.63632715754044,0,2,Independent House,1,17,310.09,310.09
2436,3,4,2,4,18,1.41,8,12.916226005606596,77.64067540848262,1,3,Independent House,2,303,240.1,240.1
4857,5,5,2,3,25,4.15,6,12.911601906414113,77.64189464969137,1,2,Apartment,2,198,297.54,297.54
1229,2,2,1,4,10,0.61,9,12.90927060512652,77.64300586699109,1,3,Apartment,16,90,132.66,132.66
4878,5,6,0,5,7,4.36,11,12.913222432600548,77.63700150244244,1,2,Villa,2,117,702.46,702.46
3951,5,6,2,5,17,2.6,8,12.915699935530986,77.6366748258226,1,1,Villa,1,330,633.13,633.13
4957,5,6,1,1,10,1.62,6,12.910158210274968,77.63604567840335,0,1,Villa,0,76,793.92,779.19625
2640,4,4,0,4,10,1.47,1,12.91422890475819,77.64136430249543,1,1,Apartment,16,183,349.67,349.67
2144,3,4,3,4,12,2.27,5,12.908853474649938,77.64206475726486,0,3,Apartment,20,355,223.94,223.94
3300,4,4,1,2,2,5.0,9,12.908516817211686,77.63531586144826,1,1,Villa,0,360,360.61,360.61
641,1,1,0,2,11,1.26,11,12.91331354631568,77.64436212246244,1,2,Apartment,5,337,78.1,78.1
1955,3,4,1,2,2,0.7,10,12.9134063512161,77.63551971283653,1,3,Apartment,11,52,247.66,247.66
2596,4,5,0,3,9,3.01,3,12.914374299014982,77.64041296335301,1,2,Independent House,0,196,268.21,268.21
1825,3,3,0,2,26,2.55,2,12.915260913337226,77.64209060519451,1,3,Independent House,1,311,197.86,197.86
1713,3,4,3,4,16,2.72,1,12.917758520794624,77.64370969123746,1,2,Villa,0,209,194.58,194.58
1659,3,4,1,3,21,3.4,5,12.913163003483012,77.64214086932132,0,2,Villa,0,390,194.24,194.24
4999,5,5,2,5,1,1.48,7,12.911229564729412,77.64301728083069,1,3,Independent House,0,428,612.99,612.99
840,2,3,3,1,16,4.57,5,12.915951861947686,77.63839450192543,1,3,Apartment,9,48,93.17,93.17
4328,5,5,3,2,15,2.29,8,12.91070832251262,77.64314825113746,1,1,Villa,2,229,481.23,481.23
2468,3,3,0,5,1,0.82,4,12.912389714207055,77.63580114846386,1,1,Villa,0,316,483.53,483.53
1203,2,3,2,4,27,3.76,1,12.908784563813422,77.6439481665606,0,2,Villa,0,13,93.84,93.84
4913,5,5,1,1,21,3.29,7,12.908253507434154,77.64047592376154,0,2,Apartment,12,130,474.32,474.32
2929,4,4,2,5,29,1.72,8,12.917626484146778,77.64317297769962,1,2,Independent House,2,345,270.35,270.35
2300,3,4,2,1,19,3.18,9,12.916359801205122,77.63952318284518,0,3,Villa,1,86,209.65,209.65
1355,2,3,2,2,5,1.26,3,12.914959742060937,77.64143577695197,0,3,Independent House,1,477,163.73,163.73
2312,3,4,2,4,27,2.34,5,12.912089529444142,77.64026402660936,1,1,Independent House,1,188,189.37,189.37
3366,4,4,2,1,24,4.52,10,12.909732943200709,77.64231589521755,1,2,Apartment,5,142,327.6,327.6
4142,5,5,0,5,28,0.84,9,12.909564370426711,77.6358162998203,1,1,Apartment,12,320,418.57,418.57
682,1,2,0,2,9,2.06,7,12.910502428981646,77.63560352083991,0,3,Apartment,6,238,58.06,58.06
3612,5,5,3,2,27,4.14,8,12.91349226664706,77.6374710323401,1,3,Apartment,4,285,381.45,381.45
4992,5,6,0,5,9,4.85,11,12.915145959227,77.63659544680114,0,3,Apartment,6,161,424.31,424.31
2017,3,4,3,5,7,2.38,4,12.914601973767176,77.64371783566592,1,1,Apartment,1,173,248.14,248.14
1856,3,3,3,1,0,2.63,11,12.91079933896946,77.63719213987358,0,3,Villa,2,299,216.6,216.6
2674,4,5,1,3,12,2.95,5,12.917548652806632,77.64475865255818,1,2,Independent House,0,387,223.52,223.52
4129,5,5,2,2,23,4.68,10,12.915378969166955,77.63836895791772,1,1,Apartment,12,118,389.32,389.32
4128,5,5,0,1,8,4.32,3,12.913543540525112,77.6368211791569,1,3,Villa,1,135,589.93,589.93
4596,5,6,1,5,21,1.02,4,12.914117207462343,77.64289698507142,1,1,Independent House,0,249,553.82,553.82
3739,5,5,0,1,9,2.3,6,12.912196000624276,77.641587077755,1,1,Apartment,20,319,523.84,523.84
4191,5,6,3,5,14,2.43,8,12.910477309895011,77.63998195716454,0,3,Apartment,20,427,476.09,476.09
518,1,1,0,4,4,3.99,9,12.911559726786512,77.64055363550938,1,3,Villa,1,476,76.75,76.75
3903,5,5,2,5,21,3.09,10,12.915578461104642,77.64219201778272,0,1,Independent House,1,410,348.42,348.42
3504,5,5,3,5,15,3.34,12,12.908143934886295,77.63728454741332,1,1,Apartment,4,398,488.14,488.14
1632,3,4,3,5,12,4.99,5,12.90916072640507,77.64496333916057,1,3,Independent House,1,354,170.57,170.57
3839,5,5,1,3,21,0.56,5,12.908460026420215,77.64474793162147,0,2,Villa,2,155,322.18,322.18
3811,5,6,2,5,24,1.27,7,12.90840728802319,77.64150325686347,1,1,Apartment,10,261,396.73,396.73
3872,5,5,3,2,19,2.16,10,12.91655460584011,77.6369954245093,0,1,Independent House,0,192,450.79,450.79
1487,2,2,2,2,17,1.87,3,12.9150365785938,77.64180228242431,0,2,Villa,0,318,133.23,133.23
3821,5,6,0,1,10,0.3,2,12.912741738290872,77.6357219840898,1,3,Villa,2,315,661.09,661.09
673,1,2,2,3,26,0.64,6,12.90897834160651,77.63530652502206,1,3,Apartment,16,81,81.25,81.25
4241,5,6,3,1,8,3.47,4,12.912916158751168,77.63757682888512,1,2,Independent House,0,228,586.32,586.32
3552,5,6,1,2,15,4.42,1,12.912734717707805,77.6396262295674,0,3,Apartment,4,216,286.66,286.66
1226,2,3,3,2,1,2.67,1,12.9097320186991,77.64368272505408,0,3,Apartment,19,182,114.7,114.7
4260,5,5,2,4,25,2.79,10,12.91233851649238,77.64227169069765,1,1,Independent House,1,150,450.0,450.0
2375,3,3,2,5,24,1.42,5,12.911985047343974,77.642427065212,0,1,Independent House,1,281,182.02,182.02
4533,5,6,3,2,1,3.89,7,12.914158500980522,77.63925493334449,0,1,Independent House,1,223,366.27,366.27
1489,2,2,2,1,11,3.81,0,12.914350936508676,77.63845934992547,1,2,Villa,1,477,141.59,141.59
4244,5,5,0,1,7,3.02,10,12.90845304009772,77.63871038762984,1,3,Villa,1,278,656.54,656.54
3186,4,4,3,5,8,1.22,5,12.911746126146264,77.64487649563736,1,3,Independent House,2,29,499.61,499.61
919,2,3,1,5,11,0.67,11,12.914258599157142,77.63540109191413,0,1,Villa,1,75,106.22,106.22
1093,2,2,3,4,25,0.51,1,12.9130313625858,77.64367031496123,0,1,Apartment,15,492,108.97,108.97
2274,3,3,0,3,8,3.04,1,12.916564898411885,77.64078675408572,0,2,Independent House,2,312,280.73,280.73
2959,4,4,0,1,9,4.16,6,12.914586936316187,77.6393861541919,1,3,Apartment,19,156,290.63,290.63
1435,2,3,0,5,24,4.32,9,12.909629344270812,77.64225257660415,0,2,Independent House,0,438,96.99,96.99
4308,5,5,0,1,1,2.43,0,12.908705687474004,77.63986668941425,1,3,Apartment,14,174,453.19,453.19
831,2,2,0,5,15,3.96,5,12.914424192782064,77.64373423238081,1,2,Independent House,0,387,72.46,72.46
3949,5,6,1,2,19,4.75,6,12.908265113105417,77.64400701864011,1,1,Apartment,17,319,439.43,439.43
3202,4,5,2,1,6,1.52,7,12.913857755812732,77.63921720926874,1,2,Independent House,0,15,307.51,307.51
4506,5,5,0,2,27,2.11,6,12.91740230241425,77.63776827797236,0,2,Independent House,1,23,328.94,328.94
4368,5,5,0,1,1,4.67,5,12.913754741778758,77.64092350328593,0,1,Villa,0,141,351.72,351.72
4700,5,6,3,3,0,1.82,8,12.911881699262064,77.64412363345616,1,3,Apartment,3,351,717.41,717.41
701,1,2,1,4,18,4.59,12,12.914432882184425,77.63710662189006,0,3,Villa,1,252,82.34,82.34
2997,4,5,1,2,27,4.91,2,12.912582528904917,77.64122966583564,1,1,Apartment,15,448,202.43,202.43
2342,3,4,2,5,3,3.38,10,12.91345616789316,77.64131560220092,1,2,Villa,2,240,414.97,414.97
2366,3,4,1,3,23,4.12,5,12.917414648087764,77.64233113022415,1,2,Independent House,0,237,163.72,163.72
2496,3,4,3,1,21,3.8,3,12.911861026378007,77.63631567685128,0,2,Villa,1,171,265.89,265.89
1409,2,3,3,2,26,3.56,1,12.91761190563824,77.64215824964683,1,3,Villa,0,292,171.84,171.84
4805,5,5,2,1,1,1.67,0,12.91705350641956,77.64409032520665,0,2,Independent House,2,272,653.4,653.4
3689,5,6,3,1,30,0.47,11,12.909957911347892,77.6367968310887,1,3,Villa,0,140,416.0,416.0
1270,2,3,0,1,24,1.85,11,12.90869361300875,77.63737543324925,1,2,Independent House,2,440,144.6,144.6
3655,5,5,0,4,13,3.4,0,12.909007780013772,77.64471395094041,1,1,Apartment,16,234,268.78,268.78
3001,4,5,3,4,1,0.69,10,12.908182218256515,77.6368097695271,1,1,Villa,0,267,622.01,622.01
3214,4,5,2,5,28,0.26,9,12.908944429607558,77.6435438509337,1,3,Independent House,2,243,394.37,394.37
4085,5,5,1,2,14,0.87,2,12.914830067734163,77.63992277856448,1,3,Independent House,1,345,556.72,556.72
2128,3,4,2,3,11,3.64,3,12.908711886484602,77.63747231074403,1,1,Villa,1,418,213.71,213.71
886,2,2,1,3,4,4.87,1,12.911189756302935,77.64370749901272,0,1,Apartment,20,325,61.12,61.12
3921,5,5,3,3,27,4.92,12,12.916448753109696,77.63945305255002,1,2,Villa,0,472,371.16,371.16
4508,5,5,3,1,19,2.57,11,12.908232719357358,77.6401481735393,1,1,Independent House,1,33,627.55,627.55
4593,5,5,0,4,28,4.37,10,12.91614468482589,77.63859233369399,0,3,Apartment,3,280,295.86,295.86
4863,5,6,1,2,6,3.74,10,12.910818547747734,77.64092950851435,0,1,Villa,0,104,530.43,530.43
2966,4,4,2,1,23,2.6,10,12.909181648276215,77.63663523872586,0,3,Independent House,0,151,233.86,233.86
2782,4,4,3,4,20,2.95,0,12.91496737165364,77.63891081536651,0,3,Villa,1,191,241.6,241.6
2356,3,4,2,4,9,0.86,3,12.914289428467798,77.64469412322335,1,2,Apartment,18,215,376.16,376.16
2498,3,3,0,2,13,4.7,6,12.916774720135267,77.63758133432701,1,2,Apartment,12,399,285.13,285.13
1736,3,3,1,2,13,1.89,9,12.915350710438036,77.64156736664542,1,2,Apartment,3,471,151.86,151.86
4644,5,5,1,2,4,2.34,10,12.916034809303849,77.63825190064225,1,2,Apartment,4,90,532.3,532.3
1650,3,3,3,1,17,3.42,5,12.910820345725712,77.64273473125687,1,1,Apartment,12,283,185.26,185.26
4818,5,6,1,5,23,1.8,5,12.909774395437797,77.63630873660719,0,2,Villa,2,285,468.92,468.92
1931,3,3,3,2,13,1.42,10,12.915506147516409,77.64469821045078,1,1,Apartment,15,380,156.03,156.03
2319,3,4,0,5,1,3.23,8,12.916068347392672,77.63953789541384,1,2,Apartment,4,455,297.06,297.06
2824,4,5,1,1,25,0.32,1,12.917905051420004,77.63736050463346,1,2,Independent House,1,474,338.44,338.44
1630,3,3,3,5,11,3.66,3,12.912126176769114,77.63573496747331,0,3,Apartment,0,217,128.74,128.74
3158,4,4,2,3,21,2.67,4,12.911720180857928,77.63669757905087,1,1,Independent House,2,305,287.06,287.06
4000,5,5,3,5,23,3.11,0,12.91576412960742,77.64019773948556,0,3,Independent House,1,48,356.4,356.4
874,2,2,1,2,5,3.23,7,12.91140803540253,77.63837003176431,1,2,Independent House,2,445,105.1,105.1
2620,4,5,0,1,3,2.73,7,12.917307573256036,77.64328883365883,0,1,Villa,0,297,237.14,237.14
4520,5,6,1,2,12,3.0,5,12.91658412751843,77.63930887523662,1,2,Villa,2,133,430.71,430.71
2521,4,5,1,3,3,3.48,11,12.91228994027375,77.63748714272587,0,3,Independent House,2,373,337.2,337.2
4205,5,5,3,2,21,3.81,4,12.915508710677914,77.64117144986604,0,1,Villa,0,466,513.33,513.33
3759,5,6,2,2,13,3.69,7,12.915545428740844,77.64206777216886,1,3,Apartment,8,292,405.67,405.67
3935,5,5,1,2,30,4.37,2,12.90903123868836,77.63667041907901,0,2,Villa,1,375,337.01,337.01
2389,3,3,2,4,15,1.11,2,12.917025529066796,77.63667619216288,1,2,Apartment,12,189,303.76,303.76
2323,3,3,3,3,28,2.13,1,12.913052523724478,77.63536671426934,1,2,Apartment,14,106,221.98,221.98
1974,3,3,2,2,3,4.75,4,12.916264574661076,77.64236402015065,1,1,Villa,2,200,273.32,273.32
2742,4,4,3,2,23,2.1,2,12.911200496010306,77.64163804527622,0,3,Villa,1,83,347.75,347.75
3743,5,6,0,2,24,0.8,2,12.91695523228496,77.6397463087575,1,3,Independent House,0,456,369.05,369.05
3634,5,6,2,1,0,2.72,5,12.91189201678734,77.64344170448969,1,2,Villa,0,282,645.07,645.07
2570,4,4,2,4,12,0.73,7,12.908108376514802,77.6430567015295,1,3,Villa,2,58,370.77,370.77
859,2,3,0,1,3,1.17,1,12.917053819764192,77.64085354364397,0,1,Villa,1,493,109.13,109.13
2541,4,4,2,4,19,4.99,3,12.90891286676786,77.64368271280513,1,2,Apartment,14,346,255.35,255.35
1641,3,3,0,2,17,2.8,10,12.911193136375903,77.63705841210037,1,2,Apartment,16,219,138.62,138.62
2135,3,3,1,3,5,1.56,6,12.917500619670507,77.63611919619399,0,2,Apartment,13,125,315.44,315.44
4500,5,6,3,5,2,4.97,0,12.917506071469376,77.63769749611517,0,1,Independent House,2,32,490.25,490.25
2443,3,3,0,5,22,4.84,0,12.913734378881232,77.6355708685609,1,2,Independent House,0,107,157.97,157.97
3861,5,5,2,2,12,2.32,11,12.914318372121697,77.64031169528,1,2,Independent House,2,337,547.6,547.6
3480,4,5,0,1,26,1.45,12,12.912484455219785,77.64436605692295,1,2,Apartment,19,406,411.04,411.04
506,1,2,2,3,15,4.22,9,12.91093210771698,77.63539343540668,1,2,Villa,2,416,51.78,51.78
3767,5,6,1,4,26,3.63,6,12.911286645453698,77.6362210991401,0,3,Independent House,0,322,422.72,422.72
2091,3,3,0,2,4,3.5,6,12.91472518456077,77.63952199028283,0,2,Independent House,0,199,166.8,166.8
3764,5,5,1,3,3,4.49,0,12.915523745294376,77.64433875017528,1,1,Apartment,5,191,335.02,335.02
3106,4,5,3,3,20,3.51,0,12.915915790437255,77.63816156104977,1,2,Independent House,2,157,237.66,237.66
3719,5,5,2,4,7,1.56,3,12.915896181427945,77.64007234808689,1,2,Villa,1,351,549.65,549.65
3773,5,6,2,3,18,3.53,4,12.908912061030486,77.6354157285905,1,3,Apartment,4,445,354.99,354.99
1413,2,3,1,1,13,1.67,4,12.912944203047026,77.63648343200963,0,2,Apartment,16,32,168.9,168.9
2511,4,4,3,1,6,3.84,3,12.908575587600168,77.64486630122958,1,3,Villa,2,114,314.4,314.4
1942,3,3,0,1,30,3.17,7,12.913495288823237,77.64465118696435,1,1,Villa,1,172,158.23,158.23
3554,5,6,0,3,13,0.57,6,12.912415305013733,77.63504939980935,0,3,Villa,1,76,398.35,398.35
4046,5,6,2,1,5,2.66,8,12.916877041827584,77.64451811785423,1,2,Independent House,2,299,385.38,385.38
4721,5,6,1,4,11,1.85,6,12.91150915012552,77.64139119937815,0,1,Villa,2,298,575.3,575.3
3428,4,5,1,3,15,1.78,9,12.909170670164276,77.64367918294519,0,2,Apartment,20,55,380.53,380.53
2329,3,3,0,5,16,3.09,0,12.909429916820528,77.63954739855635,1,3,Villa,0,90,355.58,355.58
1075,2,3,3,3,12,1.75,12,12.915615106317174,77.6401559602858,1,1,Apartment,17,438,157.96,157.96
1429,2,3,3,4,22,3.93,6,12.914182180633162,77.63988846580257,1,1,Apartment,15,156,148.22,148.22
4259,5,6,0,5,13,0.54,0,12.909011226761228,77.64166864257545,0,3,Independent House,1,231,561.11,561.11
4199,5,5,0,3,28,3.37,6,12.90884106806115,77.63639651254756,0,3,Villa,0,352,357.55,357.55
1963,3,3,1,1,6,4.08,9,12.91500969131459,77.63529973589873,0,1,Independent House,0,24,157.27,157.27
3775,5,6,3,2,13,3.43,7,12.90872763006364,77.63807929941592,0,1,Villa,1,388,453.77,453.77
1554,3,3,0,2,14,2.59,10,12.916218600592902,77.64204680762737,0,3,Villa,1,130,217.51,217.51
2400,3,3,0,1,11,4.76,8,12.915062422271564,77.63701853452123,1,2,Villa,2,87,260.74,260.74
1957,3,3,2,2,16,1.64,11,12.908813487806418,77.64173432433324,1,1,Villa,2,331,335.91,335.91
1899,3,4,0,2,8,0.29,2,12.90884837714085,77.64469912046107,1,3,Villa,1,304,393.97,393.97
3915,5,6,0,1,21,2.27,3,12.91786639578501,77.6359390071579,1,2,Apartment,17,250,354.6,354.6
942,2,2,3,1,14,0.36,3,12.91174270795756,77.64172602118225,1,1,Apartment,0,27,104.01,104.01
4150,5,6,1,3,11,4.78,11,12.911706421470669,77.63943750219305,0,1,Villa,1,265,422.57,422.57
1678,3,4,3,3,1,1.21,8,12.916127995672577,77.64368142254378,0,3,Apartment,2,463,192.17,192.17
4958,5,5,1,1,4,3.99,12,12.917472485773835,77.63677149789447,1,2,Independent House,0,452,475.15,475.15
1757,3,3,2,4,12,3.92,6,12.917860010638227,77.64192625952226,1,1,Independent House,2,425,237.57,237.57
4134,5,6,0,2,26,1.25,2,12.915533781852588,77.64338115289648,1,2,Independent House,2,286,442.2,442.2
2341,3,3,2,3,19,3.18,9,12.911762595855308,77.64444614219474,1,2,Villa,0,433,245.77,245.77
2809,4,5,1,2,22,0.43,4,12.908835007166989,77.6418324802829,1,1,Villa,2,485,310.06,310.06
1410,2,3,3,5,7,2.52,6,12.915771469159274,77.63997174764009,1,2,Apartment,17,36,175.79,175.79
4840,5,5,3,1,26,0.27,7,12.913584042497355,77.64117847240202,1,1,Apartment,16,11,583.81,583.81
4509,5,6,2,4,13,4.62,0,12.91224222009247,77.64368904984478,0,2,Apartment,16,362,266.05,266.05
2669,4,5,1,5,14,4.89,11,12.917063543850947,77.64070609746639,1,1,Independent House,0,473,203.04,203.04
2672,4,4,2,5,10,1.27,1,12.90911197482306,77.63530387059697,1,3,Independent House,2,304,344.02,344.02
623,1,1,2,5,0,1.2,6,12.912926251042908,77.64430948695507,0,1,Independent House,1,479,92.39,92.39
3658,5,5,0,1,20,3.82,10,12.908113536447674,77.64189526751032,1,1,Independent House,0,321,470.43,470.43
1285,2,3,2,3,30,1.42,12,12.91268660641994,77.64176513385777,1,1,Apartment,15,372,104.54,104.54
2916,4,4,0,1,2,4.5,12,12.90856303275682,77.63715675152397,1,2,Villa,1,392,531.07,531.07
1296,2,2,0,3,16,2.95,1,12.90918817916268,77.64158885470232,1,3,Villa,0,248,158.57,158.57
4672,5,5,3,5,27,1.88,6,12.909175262467771,77.63893864405654,0,2,Independent House,1,22,484.05,484.05
4654,5,5,0,5,18,4.2,8,12.91449210302116,77.6415123297704,1,2,Villa,1,391,613.54,613.54
2436,3,4,0,4,13,2.57,10,12.915460448792654,77.63606593030309,1,1,Villa,1,193,307.46,307.46
2656,4,5,3,3,21,4.58,1,12.913833687650971,77.64157845304602,1,2,Villa,0,203,282.97,282.97
4307,5,5,2,5,29,4.65,6,12.917621725484745,77.6449941372577,0,1,Independent House,2,471,295.51,295.51
1801,3,4,1,2,22,0.99,3,12.911748705795237,77.63548212038862,0,3,Apartment,6,65,152.43,152.43
4663,5,5,1,4,7,0.21,10,12.910857120862818,77.6447717418422,1,2,Apartment,20,239,439.57,439.57
3640,5,5,1,1,12,4.92,12,12.916685991281891,77.63906907960722,0,2,Villa,1,498,322.41,322.41
3736,5,6,2,4,26,4.55,1,12.910235958385194,77.64370753450336,0,2,Apartment,12,37,313.45,313.45
2852,4,5,0,2,19,0.47,12,12.917632225394405,77.64282385484059,1,1,Apartment,11,329,281.76,281.76
2432,3,3,1,3,2,4.2,6,12.908121544746898,77.64067016260987,1,1,Independent House,1,80,202.52,202.52
3221,4,4,2,1,4,2.4,12,12.917698788267076,77.64238449209252,1,2,Independent House,0,219,379.7,379.7
864,2,3,0,1,8,1.44,4,12.908431599119504,77.64378515561302,0,2,Villa,0,457,145.28,145.28
2890,4,4,3,3,28,4.42,0,12.91691143113698,77.63904140321651,1,3,Villa,0,193,221.19,221.19
1446,2,3,1,4,5,1.14,4,12.913277011090862,77.63827033161563,1,3,Villa,1,434,256.71,256.71
1877,3,3,0,5,30,4.75,11,12.917929647961191,77.64167593385564,0,3,Independent House,2,384,141.96,141.96
1939,3,3,1,4,24,1.19,11,12.908737965647353,77.64307845941941,0,3,Apartment,19,365,145.32,145.32
3680,5,6,1,2,30,3.15,2,12.913538542844012,77.64262285134777,1,3,Independent House,0,50,288.37,288.37
840,2,3,1,5,21,1.27,6,12.91769302535619,77.64297813648858,1,1,Independent House,0,493,84.88,84.88
3489,4,5,0,4,1,2.82,5,12.9132309784417,77.63935583314813,1,3,Apartment,2,269,362.46,362.46
882,2,3,2,3,12,3.48,7,12.914293986381352,77.64317834216175,0,3,Apartment,10,450,81.16,81.16
2056,3,4,0,2,4,1.11,12,12.914957486889843,77.63620209055371,0,2,Villa,0,423,307.87,307.87
799,1,2,1,2,27,2.7,4,12.912545410647676,77.64044489097961,1,1,Apartment,18,353,80.08,80.08
638,1,2,0,2,26,2.45,1,12.91427558080084,77.63505758660499,0,3,Apartment,10,93,65.91,65.91
858,2,2,3,5,24,0.54,8,12.91384314311923,77.638245858299,1,3,Apartment,8,55,80.66,80.66
2022,3,3,2,1,7,4.13,10,12.917011580104909,77.63866461534872,1,3,Apartment,13,449,172.0,172.0
3956,5,5,0,5,22,1.81,7,12.908454463803414,77.6389617269161,0,2,Villa,2,168,570.19,570.19
2127,3,4,3,4,0,2.96,5,12.91080963189592,77.6419546720669,1,2,Villa,0,353,270.3,270.3
1803,3,4,2,1,19,2.67,12,12.917504114840764,77.6388855810127,1,2,Apartment,6,16,178.56,178.56
1634,3,4,3,4,11,2.66,9,12.91690263783891,77.63948693622622,1,3,Apartment,15,483,245.25,245.25
2686,4,4,2,1,22,0.71,6,12.912556567527856,77.63737544130875,0,2,Villa,2,342,267.14,267.14
3670,5,6,0,5,10,2.23,8,12.914201325978016,77.6387325179163,0,3,Villa,0,447,598.38,598.38
4335,5,6,3,2,6,2.37,6,12.910773811829811,77.63727269627263,1,1,Apartment,18,145,471.1,471.1
2651,4,4,1,3,14,3.72,2,12.909881211597238,77.63573195923769,1,3,Independent House,2,192,240.89,240.89
1737,3,4,3,2,21,4.23,5,12.9126369840494,77.64103448593382,0,2,Villa,2,206,209.84,209.84
4235,5,5,2,5,23,2.82,10,12.91153352228026,77.64168212798555,0,1,Villa,1,181,445.33,445.33
3334,4,4,0,1,10,0.62,12,12.913836561118508,77.64119490346009,0,3,Villa,1,406,438.36,438.36
4760,5,6,2,2,28,1.34,10,12.90877734636965,77.639634940438,1,1,Apartment,4,358,377.64,377.64
1498,2,3,3,5,21,0.99,6,12.91774394807666,77.63879785780179,1,1,Apartment,9,285,125.96,125.96
3067,4,5,3,4,25,0.8,1,12.917862107444796,77.64363333649571,1,1,Villa,2,87,268.83,268.83
1807,3,3,1,3,15,1.96,2,12.914981617140198,77.64019081785136,0,3,Apartment,14,425,123.42,123.42
1156,2,2,0,2,2,1.3,3,12.91336096366344,77.6397918187763,1,2,Apartment,0,453,116.88,116.88
3160,4,4,0,1,19,1.25,9,12.911095276162865,77.63525642065807,0,3,Villa,2,187,369.25,369.25
2711,4,5,3,4,13,0.46,5,12.916137950197069,77.63841247827627,1,2,Apartment,17,36,316.9,316.9
2409,3,4,0,5,2,0.28,0,12.914847311725538,77.63880195618786,1,3,Independent House,1,129,308.81,308.81
4230,5,6,1,3,0,0.69,8,12.909626169393448,77.63898822780897,0,3,Apartment,1,290,441.31,441.31
2546,4,5,2,1,30,1.03,4,12.917109271844938,77.64080172369228,1,3,Apartment,4,317,306.09,306.09
3662,5,5,0,5,25,2.27,12,12.916225372429231,77.64033602546726,0,2,Villa,0,205,310.9,310.9
1640,3,3,3,5,20,2.65,11,12.917497999132918,77.64107905092793,0,3,Villa,0,286,191.83,191.83
766,1,1,2,2,14,0.87,6,12.915257195083884,77.64264883261542,1,1,Independent House,1,27,66.48,66.48
2345,3,3,2,2,0,2.24,8,12.914134151959358,77.64312985738715,1,3,Apartment,19,304,329.83,329.83
2208,3,4,1,1,16,1.84,8,12.912182430362906,77.64218123076226,1,1,Independent House,1,280,243.42,243.42
4130,5,6,3,5,1,1.08,0,12.91732728483354,77.64455523695955,1,2,Independent House,1,62,625.68,625.68
3711,5,6,0,2,28,0.23,0,12.916660638895005,77.63518232582676,1,2,Villa,0,303,367.08,367.08
2793,4,4,3,3,19,2.44,2,12.908452186701062,77.63695777985684,0,3,Apartment,17,441,206.66,206.66
4232,5,5,2,3,5,3.49,5,12.908263669744972,77.63507562874979,0,3,Villa,0,61,571.33,571.33
4329,5,6,3,5,7,1.29,1,12.91176463366878,77.64147474714154,1,3,Independent House,1,225,555.81,555.81
2010,3,4,0,2,28,0.83,9,12.916105533307816,77.64398030548949,0,1,Independent House,2,81,192.07,192.07
975,2,2,0,1,15,4.46,11,12.917872761293149,77.63743482296577,1,2,Villa,0,37,151.64,151.64
1476,2,3,1,1,18,1.52,10,12.909504168911036,77.64427034544796,0,1,Villa,2,478,223.3,223.3
1707,3,3,0,1,0,1.27,0,12.91394130715352,77.6356026739029,1,1,Villa,0,409,306.91,306.91
2460,3,3,0,3,2,4.31,0,12.911808908566307,77.64434436026805,1,3,Villa,1,261,225.86,225.86
1057,2,2,3,2,27,4.12,12,12.917699143978146,77.6385162268724,0,3,Villa,1,383,85.82,85.82
1382,2,3,3,2,2,2.35,4,12.916421189231356,77.6360142082845,0,1,Independent House,2,409,161.43,161.43
2694,4,5,2,3,4,2.55,3,12.916383287047111,77.63985871759186,1,1,Villa,1,44,403.36,403.36
3167,4,4,1,1,26,1.25,0,12.91268693159795,77.6375677656772,0,3,Apartment,0,410,301.74,301.74
2110,3,4,3,1,11,0.58,3,12.912148195023375,77.63784872901962,0,3,Independent House,1,210,184.51,184.51
3988,5,5,0,5,11,2.95,2,12.910734070719306,77.63807289964926,1,1,Independent House,1,258,465.07,465.07
2954,4,4,2,4,19,0.67,1,12.908563754966508,77.64303025897833,0,3,Apartment,3,108,174.13,174.13
4994,5,5,3,2,12,2.36,8,12.91664722376255,77.64039161276675,1,3,Apartment,7,317,517.78,517.78
2446,3,3,1,2,19,4.71,10,12.9161290100913,77.63811307699156,1,1,Independent House,0,486,180.81,180.81
3308,4,5,1,2,8,4.77,0,12.91799717673286,77.64110333783312,0,1,Villa,2,496,345.09,345.09
4325,5,5,2,4,6,1.35,6,12.917966368370738,77.64216150674223,1,2,Independent House,2,475,642.58,642.58
4036,5,5,2,5,3,3.2,12,12.913554317056024,77.63772624000734,1,1,Independent House,1,149,469.64,469.64
4302,5,6,2,4,18,2.48,3,12.915689874151804,77.63913549101525,0,3,Apartment,0,92,305.31,305.31
4677,5,5,2,1,21,4.4,4,12.917447657298824,77.63621886093337,1,1,Independent House,2,57,363.7,363.7
2470,3,3,2,1,18,1.5,9,12.916496473906774,77.63681149349534,0,1,Villa,2,287,376.82,376.82
4322,5,6,0,2,5,0.22,4,12.910473481017432,77.64181117853965,0,1,Apartment,1,388,424.38,424.38
3319,4,5,0,3,26,0.98,0,12.9125054413531,77.63681438347696,0,2,Independent House,0,257,243.02,243.02
1402,2,3,3,2,12,1.88,5,12.909291594151515,77.64025163383667,0,2,Independent House,2,392,169.04,169.04
864,2,2,1,3,10,1.72,12,12.917540510272586,77.64209046261722,0,3,Villa,1,186,110.92,110.92
4758,5,6,0,4,12,4.0,8,12.914061746344508,77.63606876923095,1,2,Independent House,1,61,340.69,340.69
3619,5,6,0,1,12,3.47,1,12.910286428055034,77.64067312219629,1,1,Independent House,1,88,304.17,304.17
3058,4,4,0,3,27,1.64,6,12.914717006844056,77.63756562783702,1,2,Independent House,1,394,292.31,292.31
2363,3,3,3,4,24,2.4,5,12.91418128240458,77.64462926875237,1,1,Independent House,2,331,180.13,180.13
615,1,1,2,1,21,0.66,4,12.911581627180327,77.6398354564672,1,2,Villa,0,73,93.98,93.98
2884,4,4,3,3,27,4.51,3,12.909135575921995,77.64305992549775,1,2,Independent House,1,17,245.48,245.48
4435,5,5,1,2,19,4.69,3,12.914715731955928,77.64050226542156,1,2,Independent House,1,223,391.94,391.94
2990,4,5,1,2,14,4.9,5,12.913203077009037,77.63543412532856,0,1,Independent House,2,34,213.02,213.02
1442,2,3,1,2,20,4.37,3,12.915723183917356,77.64133151375594,1,2,Apartment,20,459,115.02,115.02
2224,3,4,1,4,12,1.04,4,12.91320163501112,77.64451403342207,0,1,Villa,1,265,208.78,208.78
2834,4,4,0,2,21,0.42,12,12.916521815003184,77.64101611820146,0,1,Apartment,2,252,221.61,221.61
3267,4,4,0,5,10,2.98,5,12.913519068387744,77.64319188859426,1,3,Apartment,8,466,492.15,492.15
1637,3,3,3,1,18,4.58,4,12.913609379715352,77.64384206463347,0,2,Villa,2,466,156.08,156.08
3027,4,5,2,4,7,1.05,6,12.916766536026582,77.6372807977195,0,3,Apartment,20,470,378.92,378.92
4617,5,6,1,2,19,0.23,8,12.912034828662124,77.63712044839909,1,3,Apartment,12,207,580.41,580.41
3920,5,5,3,1,7,4.07,9,12.909340152284503,77.6411098098885,1,1,Apartment,17,103,401.09,401.09
4406,5,6,0,3,9,0.57,6,12.908287826763132,77.63911028469806,1,2,Villa,1,216,520.79,520.79
4137,5,5,0,2,25,2.19,6,12.915551372556736,77.64339861302867,1,1,Independent House,1,444,387.93,387.93
3453,4,5,2,1,15,3.46,3,12.914203095513534,77.64400023123397,0,1,Villa,2,446,430.75,430.75
2867,4,5,2,5,18,1.34,0,12.915040797680993,77.63853421379302,0,2,Villa,1,24,385.28,385.28
4721,5,6,2,3,25,0.6,7,12.910129641615088,77.63736870558975,1,1,Villa,1,187,617.71,617.71
776,1,1,3,5,22,3.9,3,12.909363714755868,77.64280525515244,0,2,Apartment,7,464,80.23,80.23
2499,3,4,0,1,10,3.22,0,12.90814544665668,77.63774806035548,1,2,Independent House,0,387,262.95,262.95
1727,3,4,0,5,12,4.94,4,12.911505875588066,77.64322614318513,0,1,Villa,1,84,226.84,226.84
4252,5,5,2,1,27,1.85,7,12.913899176868544,77.63923738253649,1,1,Villa,1,113,611.96,611.96
4235,5,6,1,1,8,0.5,3,12.911922440450995,77.64167549899291,1,3,Independent House,1,303,421.52,421.52
1195,2,2,2,5,19,3.72,12,12.912374749220236,77.63595535313836,1,1,Independent House,1,177,128.48,128.48
1809,3,3,3,1,23,2.7,11,12.917041586944936,77.64123859324677,1,2,Independent House,0,459,182.72,182.72
4652,5,5,2,2,18,1.22,7,12.911482554670233,77.63951767678738,1,3,Apartment,5,124,641.34,641.34
3734,5,5,2,1,15,3.95,7,12.913139894891598,77.64086608463175,0,2,Independent House,0,48,425.08,425.08
4614,5,5,3,4,6,1.18,2,12.915836530127413,77.63668014207745,0,3,Apartment,13,467,596.38,596.38
2811,4,5,2,1,18,1.45,8,12.911965427823212,77.64236873744944,0,1,Villa,1,373,402.58,402.58
3341,4,4,0,4,11,0.64,2,12.914220867002278,77.64362797077543,1,1,Apartment,20,282,331.47,331.47
4708,5,5,1,1,14,2.12,0,12.916623637087469,77.63716739800091,0,1,Independent House,1,144,520.34,520.34
4059,5,5,2,1,30,2.21,1,12.917495206236577,77.63595714555521,1,2,Apartment,9,383,329.05,329.05
3898,5,5,3,5,22,2.67,5,12.90947073480929,77.63523638586047,0,3,Independent House,2,241,309.74,309.74
1041,2,3,1,2,13,3.6,11,12.917265876251614,77.64141971500443,1,2,Apartment,12,48,94.61,94.61
3194,4,4,3,2,10,4.55,9,12.912921162930797,77.64107094036089,1,3,Villa,0,461,371.67,371.67
1588,3,4,1,3,25,0.86,1,12.910582443882989,77.64046697412714,0,1,Apartment,3,300,136.74,136.74
3863,5,5,1,5,9,0.46,5,12.912591357562382,77.63731947096116,0,2,Villa,2,316,458.23,458.23
524,1,2,2,5,26,0.29,0,12.917800325752854,77.63890905995906,0,1,Independent House,0,56,38.36,38.36
2072,3,3,0,2,10,0.89,10,12.912926180939928,77.64094476335187,1,2,Villa,1,45,230.89,230.89
3458,4,4,2,5,5,3.36,12,12.911287516102874,77.6399676685886,1,1,Independent House,1,329,503.57,503.57
4736,5,6,3,2,1,3.69,0,12.914334008543166,77.64487785520214,0,2,Independent House,2,104,510.92,510.92
2267,3,3,3,5,10,3.98,4,12.91040145618778,77.63636439752557,1,2,Villa,0,482,348.17,348.17
2735,4,5,1,1,18,1.37,9,12.908758633281089,77.64195144554047,0,3,Villa,0,370,253.04,253.04
700,1,1,1,2,5,1.67,12,12.909288797219109,77.63904318768104,1,1,Apartment,4,22,84.57,84.57
3698,5,6,0,2,13,2.52,10,12.909280458389578,77.63928199614925,1,3,Apartment,14,155,550.67,550.67
756,1,1,2,4,19,0.5,8,12.909519026935122,77.64217597765658,1,3,Villa,1,414,99.39,99.39
4247,5,5,3,5,5,3.13,7,12.909388271726494,77.64192436151325,0,1,Villa,2,377,422.03,422.03
2741,4,5,1,5,16,4.92,2,12.914408747448032,77.64491255993701,1,2,Villa,1,74,344.35,344.35
3675,5,5,0,2,9,1.93,2,12.909818800843992,77.63628394289455,1,3,Villa,2,237,509.6,509.6
4106,5,5,3,1,27,3.81,0,12.911456672833236,77.63604109649384,0,1,Independent House,1,251,341.6,341.6
3836,5,5,1,1,0,2.6,2,12.91696788409906,77.64224338817128,0,2,Villa,0,17,517.19,517.19
913,2,2,3,1,2,0.81,11,12.912739616402629,77.64078386917006,1,3,Villa,0,313,119.68,119.68
2514,4,4,0,5,7,2.99,11,12.914675577385209,77.6377416066656,1,3,Villa,0,350,414.33,414.33
1881,3,3,0,4,7,1.64,11,12.909723198712015,77.63579419368989,1,3,Villa,2,52,302.22,302.22
1598,3,4,3,2,26,0.37,12,12.909922890188088,77.63585658249598,1,2,Independent House,2,253,145.89,145.89
3926,5,6,2,3,19,3.25,10,12.908408686162664,77.64394190874664,1,3,Apartment,0,190,294.65,294.65
4155,5,6,3,4,21,4.32,0,12.90968935063072,77.6369186732472,0,2,Apartment,1,94,412.27,412.27
1409,2,2,1,3,14,1.85,7,12.91078590339032,77.63823371562115,0,3,Apartment,16,164,183.18,183.18
687,1,2,2,4,23,2.07,0,12.909770104842767,77.63726656402227,1,1,Apartment,4,284,69.06,69.06
4544,5,5,1,1,6,4.48,4,12.90888702533757,77.63854996305832,1,3,Apartment,5,32,561.81,561.81
4256,5,5,3,5,10,4.11,8,12.909206358711003,77.63569423842746,1,1,Independent House,1,124,373.9,373.9
2515,4,4,2,3,6,3.63,6,12.912607787680326,77.64019059790908,1,1,Apartment,6,315,303.9,303.9
2592,4,4,1,4,28,1.39,3,12.910063337184058,77.63567612563592,1,1,Independent House,0,444,243.99,243.99
4144,5,6,3,5,3,4.57,10,12.91164269861048,77.64300356507822,1,2,Independent House,1,308,465.18,465.18
2630,4,4,3,3,24,0.94,8,12.913034172708548,77.63733712081911,1,1,Apartment,14,108,298.48,298.48
857,2,3,2,2,11,3.21,8,12.914903948286293,77.64040011914605,1,3,Apartment,18,113,74.24,74.24
2922,4,4,3,4,25,0.34,1,12.90839312139841,77.64380079087562,0,2,Apartment,15,381,279.49,279.49
4757,5,6,0,2,5,3.29,9,12.915994103989089,77.64150877369048,1,1,Villa,0,60,552.31,552.31
1997,3,4,1,1,13,1.53,9,12.914279003894908,77.64032957786551,0,2,Independent House,0,371,144.64,144.64
2658,4,5,1,2,11,2.36,10,12.908817590319488,77.63824333753115,1,2,Apartment,4,121,346.78,346.78
3055,4,5,3,2,10,1.86,11,12.916735786241068,77.63833001913058,1,2,Villa,2,462,478.68,478.68
2842,4,5,3,4,18,1.03,5,12.917208724005317,77.64169486955198,1,3,Independent House,2,253,288.03,288.03
3451,4,5,0,1,20,3.19,3,12.908610779598549,77.64494139361221,1,1,Villa,2,178,335.63,335.63
1738,3,3,2,2,4,4.43,7,12.910768776481472,77.64161839189849,0,2,Villa,1,81,180.79,180.79
1473,2,3,3,5,13,4.8,11,12.91606201279793,77.6405778341737,0,2,Apartment,15,148,105.0,105.0
4465,5,5,3,3,20,1.12,10,12.915482596903836,77.6423065051024,1,2,Independent House,1,345,600.54,600.54
1550,3,4,3,2,23,3.64,6,12.909845210193565,77.63965205612284,1,1,Villa,0,240,125.18,125.18
4201,5,5,3,1,15,3.39,6,12.910093493233369,77.63560142342601,0,2,Independent House,2,248,387.96,387.96
3280,4,5,1,2,24,1.85,10,12.911704721027911,77.64062296815878,1,2,Apartment,3,481,274.41,274.41
2088,3,4,3,3,12,0.29,9,12.912845229851907,77.64457625284506,1,3,Independent House,0,262,287.87,287.87
4378,5,5,1,1,24,3.51,8,12.914182547715304,77.63675302942357,1,1,Villa,2,478,655.04,655.04
2868,4,5,3,4,28,4.74,12,12.911689136395696,77.64190004890821,0,3,Villa,0,445,183.75,183.75
936,2,3,2,1,21,3.23,4,12.912625347161333,77.63700933688659,1,1,Independent House,1,416,73.96,73.96
3328,4,5,0,4,21,2.29,5,12.915474709381336,77.64035827684474,1,1,Villa,2,58,353.6,353.6
2056,3,3,2,1,24,2.72,0,12.908366832028904,77.63596676449647,1,1,Villa,1,431,206.72,206.72
4358,5,6,3,3,19,1.16,5,12.91052436944344,77.63950370936259,1,3,Villa,2,312,575.17,575.17
1804,3,3,3,3,21,3.8,1,12.915133495858845,77.64256163328895,1,3,Apartment,12,81,127.97,127.97
2884,4,5,3,1,3,3.78,5,12.91695206837687,77.6384757152424,1,3,Apartment,9,272,266.72,266.72
682,1,2,2,2,10,0.9,8,12.913116774421155,77.64164911724487,0,3,Villa,2,331,92.09,92.09
2089,3,3,3,3,16,4.41,7,12.913321134852652,77.6429544996079,0,2,Independent House,0,231,122.24,122.24
2087,3,4,2,4,6,1.49,8,12.909071720113396,77.64427177819479,0,2,Apartment,2,86,321.78,321.78
1159,2,3,1,4,13,4.91,12,12.912474123668234,77.63734642081856,0,2,Independent House,1,71,141.88,141.88
659,1,1,0,5,25,2.04,9,12.913326172664547,77.63899315915809,1,1,Villa,0,480,71.98,71.98
4453,5,6,0,4,10,1.05,7,12.910424705036348,77.6365241601333,1,2,Villa,1,166,735.87,735.87
1511,3,3,2,5,27,1.89,2,12.910692432309494,77.64492483502158,1,1,Independent House,2,303,140.74,140.74
552,1,1,1,1,21,2.31,7,12.911772841631045,77.64427000967925,0,3,Apartment,7,134,56.71,56.71
2807,4,4,2,1,8,0.53,5,12.908200711977775,77.64039957130281,1,1,Independent House,1,238,466.62,466.62
1728,3,4,1,1,22,2.98,12,12.91122079165583,77.64342033294376,0,1,Independent House,2,349,147.29,147.29
1535,3,3,3,2,12,3.07,5,12.910114480069964,77.64020957977272,0,2,Villa,0,170,168.42,168.42
4202,5,5,1,2,22,3.75,5,12.91127497352178,77.64123585688003,0,3,Apartment,7,38,298.29,298.29
4545,5,6,1,5,17,0.34,2,12.909197621318192,77.63589124432116,1,3,Independent House,1,123,445.87,445.87
4949,5,5,1,4,27,2.8,9,12.916905272807398,77.64255270420496,0,2,Apartment,1,88,397.02,397.02
1764,3,4,0,4,10,0.45,0,12.91393592453554,77.63627713483636,1,3,Villa,2,32,306.83,306.83
2384,3,4,1,1,14,3.57,11,12.914791023191444,77.64326067630252,0,3,Apartment,5,115,274.3,274.3
2309,3,4,3,3,24,0.47,3,12.915891712386072,77.6428202808767,1,3,Villa,1,140,269.96,269.96
3667,5,6,3,2,25,4.58,9,12.91298442198929,77.64208744697743,1,2,Apartment,20,366,335.81,335.81
4297,5,5,3,2,24,3.57,11,12.908869202880874,77.63536160380525,1,3,Independent House,2,486,491.31,491.31
2841,4,4,1,1,21,2.64,5,12.913371065418184,77.63803128355946,1,1,Villa,2,182,275.87,275.87
3914,5,5,2,2,28,2.32,10,12.913868411180207,77.63763112569912,1,1,Independent House,0,273,351.87,351.87
1317,2,2,2,1,18,0.83,11,12.915454394741843,77.63860136407472,1,3,Villa,0,351,165.1,165.1
2937,4,4,3,5,0,1.6,9,12.912316595462295,77.63587642746764,1,2,Apartment,6,382,281.77,281.77
1388,2,3,0,4,3,4.37,1,12.909275803027954,77.64436957823031,0,2,Apartment,20,294,158.92,158.92
1167,2,2,2,3,13,4.54,6,12.910837759057989,77.64053802240713,0,2,Villa,0,11,92.82,92.82
3124,4,4,1,4,13,0.2,6,12.911630822963986,77.63805524310658,0,3,Villa,2,242,443.67,443.67
4732,5,5,2,4,2,3.05,10,12.914459172413316,77.63896981517074,1,3,Villa,0,378,776.53,776.53
1318,2,3,3,5,29,3.65,3,12.91370778304669,77.63947202540506,1,1,Apartment,7,260,89.6,89.6
2688,4,5,0,2,27,3.17,3,12.911560967258978,77.64100594333361,1,2,Villa,1,443,361.41,361.41
1606,3,3,2,3,16,0.59,0,12.917865152487929,77.64015679427696,1,1,Villa,1,330,187.02,187.02
2724,4,5,2,2,2,1.25,12,12.914057748193567,77.64419391973215,1,1,Independent House,2,117,392.51,392.51
697,1,1,3,4,15,1.4,1,12.91037226791736,77.63996963482906,1,2,Villa,0,285,78.98,78.98
3171,4,4,0,1,13,4.19,8,12.909017824726204,77.64492158014824,1,3,Independent House,1,189,283.39,283.39
3992,5,6,0,4,29,2.42,9,12.909528591391842,77.64351424957745,0,3,Independent House,2,222,243.8,243.8
2948,4,5,3,2,19,2.54,7,12.910459577283843,77.63708510514358,1,1,Independent House,1,302,434.53,434.53
970,2,2,1,4,28,4.69,7,12.909606813732594,77.64430595214644,0,1,Apartment,20,81,52.33,52.33
2448,3,3,2,1,12,3.26,8,12.909865670240512,77.63616366397886,1,1,Independent House,2,292,292.34,292.34
4399,5,6,1,5,14,4.51,6,12.910850951686935,77.64317449708491,0,1,Villa,1,184,465.18,465.18
2510,4,4,2,2,13,2.39,12,12.909733735952948,77.63880623293477,1,2,Apartment,2,132,295.09,295.09
4300,5,6,2,4,23,0.92,8,12.916967654246264,77.64377974320445,1,1,Apartment,1,236,376.86,376.86
4618,5,5,1,2,24,4.66,9,12.908802337456615,77.64368056690107,0,1,Apartment,5,399,398.04,398.04
4296,5,6,3,5,18,2.4,11,12.913245113895702,77.64305925400117,0,3,Apartment,20,453,416.09,416.09
4488,5,5,3,4,5,1.07,1,12.912103968269896,77.64290030436307,1,3,Apartment,8,310,411.07,411.07
734,1,1,2,4,9,1.65,5,12.917823786169086,77.63804679139098,1,3,Apartment,9,437,102.95,102.95
1428,2,3,3,2,26,0.44,2,12.90912038902168,77.63580919283052,1,2,Apartment,3,92,173.05,173.05
4107,5,5,2,2,14,2.45,10,12.911978555990457,77.63902980178766,1,2,Independent House,2,262,597.28,597.28
1022,2,2,3,1,20,4.3,5,12.917694704332751,77.63673524514986,0,3,Villa,2,155,103.67,103.67
4023,5,6,2,5,21,4.68,2,12.91665507125894,77.64194951088902,1,3,Villa,0,129,448.77,448.77
2129,3,3,3,1,19,4.68,7,12.916170720709491,77.63846099726538,1,1,Independent House,1,74,193.49,193.49
1816,3,3,0,4,25,0.8,10,12.91057902827045,77.6447561020086,1,1,Independent House,0,290,204.55,204.55
3357,4,4,1,2,5,2.03,12,12.9097088758739,77.64140972077345,0,2,Apartment,13,292,360.63,360.63
1624,3,4,0,4,22,0.34,3,12.914686432199243,77.64322480563634,1,2,Apartment,9,400,159.51,159.51
3087,4,5,1,4,24,4.3,11,12.917293759891274,77.63632524672742,1,1,Independent House,0,437,193.56,193.56
1523,3,4,1,3,9,1.92,9,12.91356762893014,77.64362014482272,1,3,Apartment,11,115,226.87,226.87
1878,3,3,2,3,6,3.23,5,12.913716126894698,77.64422757190513,1,1,Villa,2,422,232.17,232.17
3874,5,5,1,4,21,3.63,8,12.910799790936602,77.63987061918819,1,2,Villa,0,488,560.67,560.67
2019,3,3,0,2,16,2.26,1,12.915694929331918,77.6410625293775,1,2,Apartment,18,309,174.47,174.47
726,1,1,0,4,17,1.67,1,12.909870437485576,77.64264809800903,0,1,Apartment,18,116,80.37,80.37
1391,2,3,3,3,16,4.82,6,12.911236792364042,77.63674838627261,1,1,Apartment,5,45,167.14,167.14
4572,5,5,0,2,8,4.83,1,12.912254364386165,77.64002566076464,1,1,Villa,0,156,448.33,448.33
2757,4,4,3,4,9,1.59,1,12.913076103786844,77.63898663027773,0,2,Apartment,18,271,251.48,251.48
3288,4,4,1,5,9,2.5,3,12.91042409732415,77.63646373992162,0,3,Independent House,0,418,297.25,297.25
896,2,3,0,5,24,4.87,8,12.909148368247392,77.63867534422292,1,1,Apartment,20,168,69.61,69.61
2578,4,4,1,4,6,0.22,7,12.914106200424415,77.63568172309385,0,2,Independent House,1,274,336.4,336.4
4924,5,5,0,2,15,2.18,1,12.910886305532404,77.6352581190695,1,2,Apartment,14,477,474.95,474.95
3737,5,5,0,4,28,0.68,7,12.913812382214225,77.63635166289156,1,2,Apartment,11,211,292.44,292.44
4393,5,5,3,4,17,2.64,3,12.909543627152742,77.64463115111589,0,1,Villa,1,430,642.93,642.93
2505,4,4,1,3,5,0.32,1,12.912811401018548,77.64049529535895,0,1,Independent House,2,164,340.48,340.48
2516,4,5,0,5,26,2.15,10,12.913325894325515,77.64465822161152,1,3,Independent House,2,22,267.42,267.42
3671,5,5,2,3,19,1.26,9,12.908518235368224,77.6393249787833,1,2,Independent House,1,306,394.93,394.93
3168,4,4,1,3,0,2.76,6,12.91136604278194,77.63811816133085,0,1,Villa,2,393,453.08,453.08
2378,3,3,1,4,0,4.98,5,12.909344146769389,77.6400614186284,1,2,Independent House,2,331,294.08,294.08
1696,3,3,1,3,11,4.04,9,12.908633749704729,77.63939511688633,1,2,Villa,0,94,170.82,170.82
2272,3,3,3,5,20,4.26,4,12.9178996023239,77.63605664684262,1,3,Apartment,16,490,168.68,168.68
661,1,1,2,3,27,3.25,10,12.911223538449748,77.6414082631469,1,1,Apartment,3,289,49.38,49.38
4476,5,5,1,5,1,0.4,0,12.916098744458546,77.6371603818251,1,1,Independent House,0,254,442.91,442.91
2251,3,3,0,3,3,1.19,1,12.910546406547637,77.64119587954897,1,2,Apartment,13,309,266.74,266.74
1275,2,2,0,5,16,4.64,7,12.91481502722224,77.64150201092399,0,2,Apartment,19,371,100.76,100.76
1439,2,2,3,3,3,1.96,0,12.915602278598897,77.63652024853128,1,3,Independent House,0,363,215.64,215.64
3720,5,6,0,3,10,0.7,2,12.913956387406078,77.6356134962711,1,3,Apartment,2,325,392.69,392.69
1039,2,3,1,2,21,3.57,1,12.9127157618855,77.64280761586068,0,3,Independent House,1,18,56.23,56.23
1961,3,4,0,5,25,1.64,4,12.912118409141472,77.6395980042377,1,3,Independent House,1,395,137.96,137.96
855,2,3,1,5,3,1.49,3,12.911488682665428,77.63558163795506,1,3,Apartment,17,256,112.84,112.84
4104,5,5,0,5,0,4.99,12,12.917295291442478,77.64494866317169,1,3,Apartment,13,321,460.89,460.89
3823,5,6,2,1,6,4.32,6,12.916306194077876,77.63557780560997,1,2,Apartment,14,423,445.07,445.07
734,1,2,3,3,29,2.16,4,12.917650269106664,77.64195035228859,0,3,Apartment,2,287,75.34,75.34
2048,3,3,3,5,17,4.91,7,12.909242972234855,77.64483678925264,1,2,Apartment,0,247,142.56,142.56
2596,4,5,2,1,8,3.32,3,12.915308674752035,77.63739180104216,1,2,Villa,1,212,450.98,450.98
4713,5,6,2,2,28,3.76,11,12.91738340456821,77.63642249368688,0,1,Apartment,16,256,474.3,474.3
2601,4,4,3,5,2,0.35,5,12.909812330661657,77.63621384939422,1,2,Villa,2,244,380.35,380.35
2173,3,3,2,5,7,0.78,3,12.908664962673669,77.63803275147568,1,2,Independent House,1,90,216.4,216.4
2600,4,4,1,1,28,3.24,1,12.9154112064929,77.6360104581101,0,3,Apartment,2,365,164.45,164.45
4157,5,6,0,3,23,4.52,0,12.913744731131798,77.64192161341694,1,2,Apartment,12,22,425.22,425.22
4096,5,6,3,2,18,3.19,0,12.916418287767582,77.63562291798131,0,3,Apartment,14,336,346.68,346.68
4248,5,5,2,5,3,0.84,7,12.909397723766263,77.6400942212815,0,3,Independent House,1,25,522.09,522.09
3673,5,5,1,3,17,0.76,3,12.915952673118598,77.64496696853853,0,3,Villa,1,490,459.6,459.6
2315,3,4,3,2,19,4.25,4,12.910016273200476,77.64313970269505,0,1,Villa,0,54,201.49,201.49
4341,5,5,2,4,26,0.87,10,12.909636559428655,77.64115219438231,1,3,Apartment,2,330,455.09,455.09
2505,4,5,3,4,10,2.7,7,12.90964265797931,77.63806253620787,0,2,Apartment,18,148,334.72,334.72
4993,5,5,2,2,26,0.38,11,12.916145747202313,77.64123895836292,1,3,Apartment,7,335,413.4,413.4
1174,2,2,3,1,13,0.59,6,12.91465197220696,77.64027041463912,0,3,Apartment,3,157,125.82,125.82
886,2,3,1,2,24,3.43,12,12.913230654247691,77.6392608338389,1,3,Independent House,2,364,109.64,109.64
2658,4,4,1,2,17,3.51,7,12.911588304841237,77.63630710376741,1,1,Apartment,10,245,239.27,239.27
3161,4,4,0,1,27,1.84,12,12.91677200540813,77.6438660421524,1,2,Independent House,0,200,292.46,292.46
2564,4,4,3,1,27,1.23,7,12.911924451074226,77.63949784648821,0,1,Apartment,7,110,256.18,256.18
4351,5,6,0,3,28,4.11,5,12.916165994394715,77.63694622511821,1,2,Villa,2,114,511.96,511.96
3753,5,5,3,3,15,1.24,9,12.912391349085702,77.63867759350877,0,1,Villa,0,483,340.96,340.96
4766,5,5,2,1,2,2.8,1,12.911769444294247,77.63914129752528,1,2,Apartment,6,259,465.94,465.94
1239,2,2,2,4,14,4.85,5,12.912626797856696,77.64327537895566,1,1,Apartment,20,405,124.47,124.47
1901,3,3,0,4,26,0.91,0,12.91101377874164,77.64233614380561,1,3,Independent House,2,455,192.35,192.35
3759,5,5,3,2,26,4.72,0,12.91547609380176,77.64269304893641,1,1,Apartment,13,103,354.6,354.6
2777,4,4,0,5,30,1.08,10,12.913027203900924,77.63511031264429,0,1,Apartment,15,229,270.41,270.41
4404,5,6,1,2,3,2.92,2,12.910322126951469,77.6391615399818,1,3,Apartment,13,484,454.22,454.22
4423,5,6,0,2,4,2.01,2,12.916995745732743,77.63981344151635,1,3,Villa,0,307,523.19,523.19
4714,5,5,0,5,16,4.83,10,12.911838912213732,77.63519192276823,1,2,Independent House,1,348,608.57,608.57
3727,5,6,2,1,6,1.51,12,12.91343552861114,77.63759813208745,1,2,Villa,1,462,497.21,497.21
3331,4,5,0,4,15,2.12,4,12.917064721109645,77.64260289823122,0,2,Independent House,0,451,286.76,286.76
4258,5,5,3,2,13,4.92,0,12.91424237995914,77.63637109705729,0,1,Villa,1,142,314.65,314.65
3012,4,5,2,5,25,2.78,9,12.909168980407085,77.64035310131453,1,2,Apartment,17,370,278.46,278.46
2651,4,5,0,3,15,2.61,5,12.917398321236131,77.63715201872017,1,1,Villa,1,164,422.98,422.98
4175,5,6,1,2,6,1.44,6,12.914277080530711,77.63512120774645,1,1,Villa,0,37,813.34,779.19625
3245,4,5,0,4,8,3.57,9,12.91134905614657,77.637412014576,1,2,Independent House,0,291,389.97,389.97
4366,5,6,0,1,3,0.27,11,12.909392720726633,77.6447587375491,0,2,Independent House,1,484,730.71,730.71
4264,5,6,0,2,29,0.44,12,12.915940251892703,77.64301537111882,1,1,Villa,1,125,584.69,584.69
2722,4,5,2,2,29,3.08,10,12.914200727559283,77.6445957664432,1,3,Independent House,0,314,194.3,194.3
3292,4,5,3,5,21,1.84,2,12.913334610919762,77.63987854043927,1,3,Independent House,1,243,393.81,393.81
2197,3,3,1,3,10,4.78,3,12.91693892583051,77.63609736198678,1,1,Independent House,0,414,194.39,194.39
3962,5,5,0,3,1,4.54,9,12.915885972112244,77.64047959488974,0,2,Independent House,1,10,371.44,371.44
4563,5,6,3,1,11,3.63,10,12.909516748797326,77.6395437733456,0,1,Independent House,0,357,538.59,538.59
2024,3,4,3,4,11,4.13,9,12.911117220677957,77.64344357082739,1,1,Villa,2,249,249.04,249.04
532,1,1,2,1,29,3.4,11,12.910484891398143,77.63598082580785,0,2,Independent House,2,67,49.63,49.63
4525,5,6,1,2,3,0.8,9,12.915439462925724,77.63988241137022,0,3,Apartment,3,344,388.53,388.53
3066,4,5,2,2,17,3.87,9,12.908335324347355,77.63650048664694,1,1,Villa,0,192,381.08,381.08
3303,4,4,3,3,25,1.21,9,12.913698896848713,77.63824675926891,0,3,Villa,2,346,337.53,337.53
4396,5,5,3,4,20,1.75,2,12.915624586857406,77.64237357077387,1,3,Villa,1,35,417.04,417.04
4209,5,5,3,5,30,4.13,0,12.916767656367616,77.6397601812937,1,2,Independent House,0,477,393.23,393.23
1219,2,3,2,4,6,2.78,7,12.91142081748716,77.63875888285146,1,1,Apartment,9,418,144.73,144.73
1472,2,3,1,2,28,4.33,12,12.91621257304672,77.6389447627857,1,1,Independent House,1,86,146.68,146.68
4218,5,5,0,5,0,1.22,9,12.909106317369552,77.63959446768406,1,3,Villa,0,426,518.47,518.47
4902,5,5,2,4,30,3.12,9,12.916464522917344,77.64285016543838,1,3,Villa,1,226,554.7,554.7
2707,4,5,3,4,25,0.6,1,12.90927488662332,77.6439208468894,1,2,Villa,0,337,250.32,250.32
4926,5,5,2,5,25,3.29,0,12.911972872905602,77.64455334686504,0,3,Villa,1,334,366.59,366.59
4820,5,6,3,2,22,3.86,7,12.915972953657796,77.64286903386255,1,2,Independent House,0,271,368.51,368.51
3530,5,6,0,4,25,3.01,6,12.909499174273488,77.63815406895748,1,1,Apartment,5,32,274.56,274.56
4075,5,5,0,5,12,1.48,6,12.910292513952326,77.64188134706086,1,2,Apartment,15,253,503.73,503.73
3616,5,5,1,2,5,0.35,3,12.91522252568393,77.63937603124056,0,3,Villa,2,167,540.02,540.02
3785,5,6,3,5,5,0.77,10,12.91520036536546,77.63754670622046,1,1,Apartment,2,215,627.82,627.82
1143,2,2,1,5,11,3.19,8,12.914411476328851,77.64340871579425,0,2,Villa,2,319,147.46,147.46
694,1,1,1,4,7,4.69,5,12.91493948444467,77.63538426348963,1,1,Villa,1,96,95.04,95.04
4496,5,5,0,2,23,1.19,1,12.913427244433477,77.64401761992136,1,2,Apartment,4,276,470.88,470.88
988,2,2,2,4,21,3.73,0,12.910517990589067,77.63961477464625,0,3,Villa,1,424,70.64,70.64
2704,4,5,2,1,18,4.36,0,12.91145695993504,77.64137201476808,1,3,Apartment,18,143,176.16,176.16
3157,4,5,1,1,4,2.7,8,12.909815977168014,77.64159353922206,0,1,Villa,1,276,317.29,317.29
3776,5,6,0,2,17,3.41,3,12.917084505613335,77.64395117740706,1,1,Apartment,15,342,265.1,265.1
1602,3,4,3,5,30,4.11,4,12.91383391794766,77.64136669682168,0,1,Villa,2,277,142.93,142.93
1741,3,3,2,4,29,1.45,2,12.912008514167637,77.6411393358476,1,2,Apartment,10,459,158.46,158.46
1015,2,2,1,4,4,1.63,3,12.91262005803644,77.63566652040561,0,3,Villa,0,62,164.78,164.78
892,2,3,2,2,29,0.2,11,12.917472833396117,77.64018408021946,0,1,Villa,0,108,84.39,84.39
1130,2,3,2,2,24,4.82,7,12.90953351403116,77.63650169000817,1,1,Villa,2,256,99.87,99.87
4216,5,5,3,1,9,4.6,12,12.913862298320169,77.64237433768722,0,1,Apartment,2,45,468.62,468.62
2347,3,4,0,3,0,3.87,3,12.913058886788845,77.64012221920812,1,2,Independent House,1,410,322.98,322.98
3155,4,5,3,2,9,0.58,8,12.914114542354346,77.64180227779208,0,1,Villa,2,37,422.36,422.36
1479,2,2,0,3,4,2.35,8,12.908181101838208,77.63541672900602,1,1,Villa,1,229,282.93,282.93
3902,5,6,2,2,11,0.69,5,12.91672123908944,77.63584792016046,1,2,Apartment,3,415,415.51,415.51
4371,5,5,1,5,21,0.28,1,12.917321182824836,77.64216323388062,1,2,Villa,2,111,548.18,548.18
777,1,1,3,5,29,3.16,11,12.913651331835892,77.63572084335999,1,1,Villa,0,272,67.52,67.52
732,1,2,0,1,26,4.81,9,12.914966508238768,77.63571256727765,1,1,Villa,0,280,82.77,82.77
2052,3,3,2,1,6,4.53,10,12.917224993811772,77.63512108475236,0,2,Villa,2,233,275.51,275.51
3770,5,6,0,3,8,3.54,6,12.915072386343134,77.644565013983,0,3,Independent House,1,148,483.63,483.63
2909,4,4,0,2,21,0.66,8,12.909525390429142,77.64237508359459,1,2,Independent House,1,289,279.19,279.19
4012,5,6,0,4,20,1.52,5,12.913762883601668,77.63853251408503,1,3,Villa,1,460,390.59,390.59
525,1,2,2,1,11,1.74,2,12.914067150463827,77.63796535581288,1,1,Villa,2,295,67.98,67.98
960,2,3,1,4,22,3.86,6,12.912241306713025,77.63849703229747,0,1,Villa,2,463,70.52,70.52
4264,5,5,1,4,28,4.05,4,12.915364442356246,77.64274653531182,0,3,Independent House,0,259,341.17,341.17
3931,5,5,1,2,0,2.05,0,12.91734367014769,77.6416137061107,0,2,Independent House,0,331,552.77,552.77
3983,5,6,0,3,10,2.21,2,12.917255685129067,77.63685195567868,1,1,Apartment,6,326,541.61,541.61
2494,3,3,2,2,29,0.41,4,12.91250839371404,77.63674109335335,1,3,Apartment,11,87,257.08,257.08
990,2,3,0,1,20,1.59,6,12.909132380458407,77.63598395649714,0,2,Villa,0,306,92.04,92.04
1572,3,4,1,4,14,2.37,2,12.917848411989622,77.64160302719701,1,3,Villa,1,347,226.02,226.02
3673,5,5,1,2,1,0.76,5,12.91638898086446,77.64264372662221,1,2,Independent House,1,316,393.92,393.92
715,1,2,2,2,19,2.38,4,12.909246626812031,77.63765046428325,1,2,Villa,2,437,101.53,101.53
2223,3,3,0,2,6,4.3,12,12.917208418826172,77.63520944961031,0,2,Villa,1,360,194.25,194.25
2092,3,4,3,1,20,2.99,0,12.91669896362062,77.63582171667477,1,2,Independent House,2,22,219.44,219.44
3106,4,4,3,3,11,0.58,9,12.91318838057126,77.64467860034844,1,3,Independent House,1,355,465.84,465.84
658,1,2,1,2,21,1.12,5,12.91391275435745,77.63795444777477,1,3,Independent House,2,405,56.58,56.58
3813,5,6,2,1,17,2.48,7,12.9119900270387,77.64269223147838,1,3,Independent House,1,91,376.77,376.77
3341,4,4,0,4,2,1.94,12,12.90854761638822,77.64124663568855,0,3,Apartment,0,18,472.6,472.6
2276,3,4,0,5,6,1.92,12,12.911351972416458,77.63881939639653,0,3,Independent House,0,222,329.18,329.18
2552,4,5,1,1,10,2.74,0,12.91602853448598,77.63705687262195,1,2,Independent House,0,57,248.26,248.26
2795,4,4,1,5,17,3.01,1,12.908046320230046,77.6362138641816,0,1,Villa,0,58,264.78,264.78
2196,3,4,0,2,11,4.02,3,12.911334991716911,77.64115012968038,1,1,Villa,0,318,267.14,267.14
3493,4,4,0,2,5,1.84,11,12.911981686935908,77.64274633780637,1,3,Villa,0,449,406.54,406.54
2969,4,5,1,1,4,4.07,1,12.913373956029378,77.64143904253541,1,3,Apartment,8,49,322.74,322.74
2446,3,3,0,5,25,1.83,10,12.917198556164127,77.64030302133249,0,1,Independent House,2,372,148.23,148.23
4309,5,6,3,2,0,0.47,8,12.91146345994366,77.63541951223432,0,2,Independent House,0,289,529.73,529.73
3283,4,5,1,4,11,2.86,9,12.911469532018964,77.64468488777594,1,3,Apartment,14,235,343.24,343.24
4144,5,6,0,3,26,3.02,7,12.915375012481096,77.64298714191655,0,2,Independent House,1,465,244.01,244.01
3000,4,4,1,3,30,4.69,7,12.912522179408898,77.63792822036702,1,1,Villa,2,117,298.66,298.66
4145,5,5,2,2,25,3.69,3,12.9102460482294,77.64479970329359,1,1,Apartment,10,254,339.44,339.44
3145,4,4,1,5,10,4.61,4,12.912524395161329,77.64101881589636,1,3,Independent House,2,264,349.72,349.72
2849,4,4,1,2,3,4.56,3,12.909408570203798,77.64082422658207,1,2,Apartment,5,42,281.67,281.67
2432,3,4,2,5,26,3.1,12,12.909763869865062,77.6424807317943,0,3,Apartment,20,32,250.83,250.83
3794,5,6,3,4,17,2.73,8,12.912983677727397,77.6431176978809,0,1,Independent House,2,342,300.32,300.32
2257,3,3,0,5,3,2.88,12,12.912189254495043,77.64156478607332,1,2,Villa,2,63,315.64,315.64
1616,3,3,2,2,16,4.9,1,12.91714845901068,77.63628095746367,1,3,Independent House,1,318,166.4,166.4
3067,4,4,1,4,1,3.91,12,12.911623938991166,77.63838267505994,1,3,Independent House,0,58,465.19,465.19
3999,5,6,0,1,28,0.71,10,12.91380588350278,77.64428083640325,1,3,Villa,2,471,513.3,513.3
992,2,2,2,3,23,3.94,7,12.914322642879196,77.63724615611844,1,1,Independent House,1,87,84.55,84.55
3806,5,5,0,2,21,1.02,1,12.908130944565883,77.63872167023838,0,3,Independent House,0,345,327.58,327.58
1119,2,3,0,2,1,2.35,0,12.914635373720166,77.63932076882945,0,2,Independent House,0,442,146.59,146.59
3732,5,6,2,2,11,1.21,9,12.909780359668696,77.63939404989695,1,3,Apartment,18,367,476.66,476.66
4323,5,5,0,4,30,3.51,2,12.917610703174692,77.64112939582495,0,1,Apartment,6,131,381.79,381.79
2880,4,5,3,1,5,4.41,8,12.90948662727753,77.64443075837744,1,3,Apartment,17,453,391.51,391.51
2046,3,3,2,5,9,1.59,11,12.91214624123727,77.63740692711833,1,1,Independent House,1,368,221.73,221.73
4063,5,6,3,1,24,0.59,2,12.908853496680786,77.636215013763,1,1,Villa,2,99,645.98,645.98
2105,3,3,1,4,22,1.63,8,12.91796874251846,77.6369747048986,1,2,Apartment,20,355,290.68,290.68
4252,5,5,0,2,24,3.43,6,12.913021950103312,77.6438692490021,0,2,Villa,2,202,395.95,395.95
2390,3,3,1,3,20,1.78,12,12.9139538501732,77.64145810812656,0,3,Independent House,0,425,208.56,208.56
1775,3,3,1,2,22,1.53,9,12.908670764773884,77.63785906789239,1,1,Apartment,4,386,153.11,153.11
3243,4,5,0,5,26,1.09,0,12.91549960470399,77.64315946938969,1,1,Independent House,0,472,329.21,329.21
2993,4,5,2,3,15,2.59,9,12.910099055930957,77.64361369996364,1,2,Villa,1,253,384.07,384.07
856,2,3,0,2,30,1.52,4,12.916980542894406,77.6434651433869,1,2,Apartment,19,158,110.34,110.34
1369,2,3,1,3,13,3.71,8,12.91005139640482,77.6441892653364,0,3,Apartment,12,155,132.08,132.08
1385,2,2,1,1,6,0.57,11,12.909906877206636,77.63752241020174,1,1,Apartment,17,487,175.38,175.38
2501,4,4,2,4,27,3.39,2,12.90836549667848,77.64255041928746,1,2,Apartment,19,325,211.3,211.3
1783,3,4,0,2,27,1.34,8,12.9127206694511,77.63960539497275,0,3,Villa,0,387,177.72,177.72
1119,2,3,1,5,18,2.55,4,12.913648411332623,77.6434199855289,1,1,Apartment,3,150,116.44,116.44
1382,2,3,3,1,22,1.57,8,12.908657086394284,77.64228490677162,1,1,Independent House,0,417,149.68,149.68
1296,2,3,1,2,16,3.67,9,12.91575527616695,77.642764474465,1,2,Apartment,7,295,119.05,119.05
4142,5,6,1,1,8,4.74,5,12.91253288834748,77.64156161837681,0,3,Villa,0,395,551.45,551.45
3925,5,5,2,5,25,4.6,8,12.913243902693274,77.6367742876947,1,2,Apartment,16,348,333.4,333.4
1796,3,3,3,2,12,3.0,6,12.91240762746938,77.64045026918897,0,3,Villa,0,120,163.32,163.32
744,1,1,1,5,21,2.42,6,12.912007630608752,77.64484669739524,0,1,Villa,0,117,98.55,98.55
3395,4,5,1,3,4,4.13,7,12.91359640331308,77.64437388066497,1,3,Independent House,0,376,399.52,399.52
1429,2,3,3,5,22,3.48,6,12.909552402459306,77.63543173735798,1,3,Apartment,1,290,155.24,155.24
1019,2,3,0,3,4,1.08,11,12.909819281304951,77.63664814815729,1,3,Apartment,12,59,130.22,130.22
3712,5,6,0,2,9,4.14,8,12.916617856210134,77.63631728773456,0,3,Apartment,8,23,325.31,325.31
2909,4,4,1,3,20,2.26,10,12.917461154621336,77.64225979909985,0,3,Independent House,1,143,221.15,221.15
507,1,1,1,2,26,1.11,8,12.911733093162796,77.64317785329857,1,2,Independent House,1,85,69.08,69.08
3025,4,5,0,2,9,1.55,5,12.910707446731434,77.6371351136631,0,3,Villa,0,93,402.79,402.79
3923,5,5,2,4,26,1.48,6,12.914439995432389,77.64005852692952,0,3,Villa,0,352,366.54,366.54
2519,4,4,3,2,6,2.69,1,12.91208734171098,77.64340703028012,0,1,Villa,0,167,231.6,231.6
4782,5,6,3,3,25,1.32,8,12.908253863556602,77.64232801544766,1,3,Independent House,2,295,430.01,430.01
4167,5,6,2,4,14,0.79,11,12.90956152597366,77.64042237205491,0,1,Independent House,2,431,549.52,549.52
4171,5,6,2,4,6,0.79,12,12.915159722288474,77.64090347690458,1,2,Independent House,0,323,605.4,605.4
3301,4,5,2,2,28,3.0,0,12.9145892394191,77.64008360546916,0,2,Villa,1,103,362.99,362.99
585,1,2,2,5,26,3.73,0,12.908270959925034,77.63797548451319,0,3,Independent House,0,306,38.8,38.8
3615,5,6,2,5,14,1.74,2,12.91021972161933,77.64065021992859,1,2,Villa,1,103,421.75,421.75
4732,5,5,2,4,2,0.37,11,12.91031074796588,77.6418888530205,0,3,Villa,1,66,762.53,762.53
2968,4,4,3,2,18,0.81,5,12.914718927435986,77.6437332291586,1,2,Apartment,13,173,326.05,326.05
4119,5,6,2,5,9,4.59,4,12.908197105377544,77.6413629135398,0,3,Apartment,3,329,475.88,475.88
2136,3,3,0,2,27,2.57,1,12.909041085819846,77.64261121537044,1,3,Apartment,9,107,142.88,142.88
4083,5,6,2,2,28,2.38,8,12.915999160853731,77.63660071634955,0,1,Villa,2,25,497.01,497.01
4509,5,6,2,4,14,0.38,12,12.909785446620544,77.6396155747442,0,1,Apartment,6,353,693.61,693.61
3826,5,6,3,4,2,3.7,9,12.914527461078515,77.63509331619828,1,1,Apartment,9,87,476.12,476.12
2718,4,5,3,1,5,2.73,3,12.910381827810468,77.63746678864521,1,1,Apartment,12,355,306.5,306.5
2717,4,4,2,5,11,1.17,3,12.908994413927593,77.64226461715113,0,3,Independent House,1,81,218.96,218.96
2869,4,5,3,5,14,0.73,4,12.910431721909994,77.64491809951349,1,2,Villa,2,279,495.79,495.79
4138,5,5,1,5,5,2.04,7,12.915222669318556,77.63599178099588,1,3,Apartment,3,296,648.65,648.65
3003,4,5,3,3,12,4.22,9,12.916556964681062,77.63901494315861,1,1,Independent House,1,75,274.07,274.07
1443,2,3,3,2,28,4.35,3,12.916302198645669,77.64300070968699,1,1,Independent House,1,377,131.36,131.36
3337,4,5,3,4,18,3.09,4,12.911971835296184,77.63704035634629,0,2,Independent House,2,77,360.3,360.3
3160,4,4,3,5,2,3.69,11,12.914680851365706,77.64055084949302,1,1,Apartment,9,202,331.55,331.55
3436,4,5,0,1,7,0.75,3,12.910049842954155,77.6423307129603,0,3,Independent House,0,64,449.51,449.51
4944,5,6,0,5,7,3.02,5,12.91093147730261,77.6411598545026,0,3,Villa,2,477,500.19,500.19
4447,5,6,0,2,22,3.4,11,12.91696335818521,77.63688024734616,1,3,Independent House,2,388,450.31,450.31
2176,3,3,2,2,25,1.16,2,12.908130019235108,77.63855384568686,1,3,Independent House,0,471,220.29,220.29
1696,3,3,2,4,19,4.42,7,12.908855085308543,77.64283791784486,1,3,Independent House,2,177,198.75,198.75
4605,5,5,1,3,14,1.14,5,12.91007886255146,77.64054226514132,1,2,Independent House,1,418,426.37,426.37
3287,4,5,0,4,3,1.7,9,12.908265322038735,77.63505229613543,1,3,Villa,1,34,637.63,637.63
1961,3,3,2,5,18,3.18,4,12.909814354350898,77.64260990760027,0,1,Apartment,3,140,117.62,117.62
3818,5,6,3,1,20,3.26,12,12.913830415609697,77.63535311354941,1,1,Villa,2,334,381.71,381.71
1166,2,2,3,4,2,3.56,1,12.912214245505924,77.64245733782731,0,1,Villa,0,111,114.35,114.35
2676,4,4,0,3,12,0.74,9,12.91692671711077,77.63702480560165,1,1,Apartment,9,383,308.15,308.15
4243,5,6,1,4,7,4.28,9,12.916174435617384,77.6445807348012,1,2,Independent House,0,291,533.1,533.1
1100,2,2,1,2,22,2.76,6,12.911418173516978,77.63867940751302,0,1,Apartment,15,305,114.81,114.81
3152,4,5,3,5,15,2.46,1,12.910594234334312,77.63826931616339,1,2,Apartment,14,303,294.67,294.67
4922,5,6,1,5,12,4.91,0,12.911796924081672,77.63648888050332,0,1,Villa,2,431,459.45,459.45
4324,5,5,0,5,2,3.75,6,12.913902949425148,77.6380560421549,0,2,Apartment,19,461,568.3,568.3
4406,5,6,3,5,15,0.77,4,12.910680636408228,77.64376650761828,1,2,Independent House,2,272,520.9,520.9
1479,2,3,2,5,8,3.83,0,12.91424148907849,77.64496334337628,0,2,Villa,1,487,137.25,137.25
2951,4,4,2,5,27,0.66,3,12.912094116521912,77.63868309530507,1,1,Independent House,1,423,307.25,307.25
1128,2,2,1,1,13,0.33,11,12.91352047180852,77.63948610630955,1,2,Villa,0,129,165.53,165.53
2129,3,4,3,3,12,2.14,12,12.912361265291352,77.64222070938203,1,3,Independent House,0,412,200.08,200.08
4196,5,5,3,5,20,4.97,3,12.91094465759542,77.64386195780465,1,3,Apartment,15,240,374.94,374.94
3930,5,6,2,3,24,1.04,9,12.91748453306962,77.64093044334187,1,1,Apartment,1,300,409.34,409.34
4174,5,6,3,5,6,3.43,6,12.915636057941596,77.63891525698178,1,3,Apartment,14,497,545.54,545.54
4429,5,5,3,4,14,1.03,8,12.909401131757663,77.63912621840849,1,3,Independent House,2,170,627.98,627.98
3265,4,4,3,5,6,3.68,1,12.916684679758978,77.64195618146496,1,3,Villa,0,170,532.12,532.12
4869,5,5,1,2,5,2.63,11,12.912874311982495,77.63503218263605,1,1,Villa,0,87,644.37,644.37
615,1,1,3,1,1,3.46,0,12.91694552226894,77.6411958933746,0,1,Villa,1,47,101.87,101.87
2503,4,5,0,4,8,1.17,1,12.915998552559472,77.63855493010442,0,3,Apartment,20,403,332.07,332.07
1192,2,3,1,4,21,3.78,6,12.912252135044692,77.64294197331277,1,1,Independent House,1,450,124.32,124.32
3662,5,5,3,2,23,4.98,12,12.9082246930832,77.63592990639823,1,2,Villa,0,37,312.04,312.04
1605,3,3,3,5,16,3.4,9,12.910686773593849,77.64088202266949,1,3,Independent House,0,471,126.06,126.06
3508,5,6,0,1,4,2.57,5,12.913416342146608,77.63980972889887,1,1,Villa,2,109,507.44,507.44
2661,4,5,1,4,11,4.63,3,12.91433478219826,77.64142325525906,1,1,Apartment,8,303,317.62,317.62
653,1,2,2,1,0,0.28,0,12.91057887685433,77.63564853594484,1,3,Independent House,1,409,70.67,70.67
4199,5,6,2,4,9,3.7,12,12.909393560740728,77.64079983787428,1,1,Villa,2,133,472.69,472.69
4910,5,5,1,5,10,4.47,0,12.916349302367992,77.6406148458796,1,3,Villa,2,414,589.86,589.86
4286,5,6,3,4,15,0.5,4,12.917844021807037,77.64060660094417,0,1,Villa,1,101,574.05,574.05
1564,3,4,3,4,13,2.36,0,12.913256901823026,77.64103487666597,1,2,Villa,1,264,229.08,229.08
4700,5,5,2,3,7,1.18,11,12.909716792858482,77.64176467937226,1,3,Apartment,19,106,706.26,706.26
2413,3,4,2,5,23,2.92,6,12.910723073265194,77.6430498899968,0,2,Villa,1,15,306.53,306.53
1716,3,4,2,2,16,3.32,12,12.908183906765474,77.63769820720128,1,3,Villa,0,178,137.02,137.02
2901,4,4,0,2,24,1.65,10,12.917142988065605,77.64325049410179,0,1,Apartment,11,392,287.49,287.49
2272,3,3,2,5,17,2.41,0,12.9091775108289,77.63998255682263,1,2,Villa,0,280,187.12,187.12
2460,3,3,0,2,11,1.54,0,12.913765164755144,77.63577058279135,1,1,Independent House,0,117,345.51,345.51
3280,4,5,1,5,24,1.97,1,12.910740552206873,77.63558550929244,1,3,Independent House,0,396,248.26,248.26
3371,4,5,3,2,16,0.97,12,12.913541780025158,77.63834238318697,1,3,Villa,0,308,531.95,531.95
1160,2,2,2,3,27,4.45,10,12.91451420388352,77.64284896977111,1,3,Apartment,18,56,91.62,91.62
3135,4,4,3,2,25,0.25,11,12.916297418037072,77.6420768093474,1,3,Apartment,17,108,298.6,298.6
2829,4,5,3,4,13,4.44,9,12.910064212717606,77.64288614964673,0,3,Apartment,6,23,289.8,289.8
4454,5,5,2,5,15,2.94,2,12.908109958286584,77.64017269056441,1,2,Villa,0,203,603.39,603.39
2950,4,4,2,1,13,1.79,12,12.909368856300688,77.63940198997956,0,3,Villa,1,166,296.92,296.92
1632,3,3,1,1,8,3.67,10,12.91700018641848,77.63647452526706,0,1,Independent House,1,397,146.74,146.74
1199,2,3,0,5,3,2.64,0,12.916738900775623,77.6382819275361,0,2,Apartment,20,163,104.01,104.01
2538,4,5,0,3,24,2.6,8,12.913974131021702,77.63934019366174,1,1,Villa,2,124,242.43,242.43
5000,5,6,3,2,22,0.73,9,12.914005168604335,77.63588600429681,1,3,Villa,1,405,760.56,760.56
2679,4,5,2,3,10,2.07,7,12.914650366745462,77.63720611952712,1,1,Villa,2,267,450.08,450.08
3338,4,5,1,1,5,1.36,4,12.909753712786234,77.64098225294063,0,2,Apartment,14,154,313.64,313.64
1373,2,3,1,5,14,0.28,12,12.917144119459248,77.64235663114239,0,2,Apartment,5,300,145.4,145.4
583,1,1,1,5,4,1.93,10,12.91218770524892,77.64498347511393,1,2,Independent House,0,19,92.66,92.66
1922,3,4,1,3,10,0.63,1,12.911831385282497,77.64433113331343,1,1,Apartment,13,377,280.09,280.09
3175,4,5,1,3,24,1.43,4,12.913189177052828,77.64142565199535,1,2,Villa,1,223,437.52,437.52
3680,5,5,0,2,17,0.64,5,12.90846965966775,77.63921248053295,0,1,Independent House,2,242,422.48,422.48
4816,5,6,0,4,29,0.68,0,12.90966283368756,77.64136177364708,0,3,Apartment,12,180,462.66,462.66
4475,5,6,0,4,12,1.16,10,12.915380336164263,77.6428565161808,1,3,Apartment,5,30,751.36,751.36
1891,3,3,2,2,10,5.0,3,12.90882798667925,77.63618336190923,1,1,Apartment,4,24,190.6,190.6
3718,5,5,3,4,13,0.21,8,12.914031521094664,77.63909904889697,0,2,Apartment,4,428,439.25,439.25
4707,5,5,1,1,27,3.27,1,12.910453491096812,77.64339802285636,0,1,Villa,0,377,451.88,451.88
1114,2,3,2,4,17,0.88,4,12.911892956140418,77.63883832951933,1,1,Apartment,0,135,90.41,90.41
3471,4,4,1,2,26,4.62,0,12.910886937367708,77.64071872271226,1,1,Villa,0,350,342.26,342.26
4065,5,6,0,4,27,0.65,3,12.91155672716465,77.64087769360862,1,3,Villa,1,350,587.88,587.88
4076,5,6,2,5,30,4.78,3,12.91519045905184,77.63684476253134,0,1,Villa,1,222,243.12,243.12
770,1,2,0,3,24,3.13,5,12.91097121715623,77.63862235441653,0,3,Independent House,1,197,82.96,82.96
4566,5,6,1,1,27,0.21,9,12.913664046402968,77.63834511288742,1,1,Villa,2,181,610.59,610.59
2968,4,4,1,5,18,4.49,8,12.91276050402199,77.63526196708533,0,3,Apartment,8,489,258.42,258.42
1890,3,3,3,5,23,2.7,2,12.914636711653626,77.63524191763892,1,1,Independent House,0,256,208.12,208.12
3854,5,6,1,2,26,1.46,8,12.917368297393248,77.64331697043676,1,1,Apartment,13,14,411.73,411.73
4635,5,5,0,3,14,3.88,5,12.915325720972104,77.63773070809972,0,2,Villa,0,240,526.52,526.52
4107,5,6,1,3,8,4.65,6,12.910149403785908,77.64018078766239,1,2,Apartment,7,210,330.93,330.93
3083,4,5,3,1,7,2.52,11,12.908311831350613,77.6379872557359,1,1,Independent House,2,382,438.25,438.25
4573,5,6,3,2,19,1.71,9,12.910622640442998,77.64440679245115,1,1,Independent House,0,411,392.29,392.29
3575,5,5,0,1,27,3.99,1,12.913950779307005,77.63759296758866,1,1,Apartment,12,158,273.66,273.66
4406,5,6,2,4,0,3.47,10,12.908514258134842,77.63929656812739,0,1,Apartment,7,81,422.28,422.28
789,1,2,1,5,3,4.47,9,12.912963662472013,77.64372730250484,1,2,Apartment,10,235,88.36,88.36
2980,4,4,3,1,13,3.52,5,12.913968428489168,77.64341933566791,1,3,Independent House,1,83,400.36,400.36
3752,5,5,1,5,24,1.37,5,12.91134243890817,77.63686101417846,1,1,Villa,1,316,558.92,558.92
778,1,1,1,2,1,4.67,1,12.915709122037455,77.64302643309796,0,2,Apartment,18,178,88.91,88.91
3424,4,4,2,4,15,0.7,1,12.909065982531336,77.63958186886738,1,1,Villa,1,258,396.13,396.13
1080,2,3,3,2,2,1.49,1,12.908751377817358,77.63982968872085,1,1,Independent House,1,289,139.81,139.81
753,1,1,1,4,25,2.7,9,12.915281887562037,77.63633479972417,1,3,Apartment,1,497,85.49,85.49
4776,5,6,3,4,7,2.92,11,12.91295491316206,77.63580601513758,1,1,Apartment,12,161,706.46,706.46
1324,2,2,0,5,5,0.27,0,12.914884023964277,77.64227939306974,1,1,Independent House,2,233,173.54,173.54
4332,5,5,0,2,15,3.95,4,12.912348273386035,77.63996461152355,1,3,Apartment,10,234,350.98,350.98
1199,2,2,1,2,23,1.94,7,12.910464020332393,77.63936850702615,1,3,Villa,0,47,166.92,166.92
1880,3,3,3,1,15,2.15,1,12.916191023176742,77.64229508228652,0,3,Independent House,1,53,171.0,171.0
4396,5,5,1,2,6,4.08,12,12.915994158789688,77.64265512898992,1,3,Independent House,1,194,418.52,418.52
2173,3,3,3,1,29,2.02,4,12.914946964708545,77.6365890816767,0,2,Apartment,16,452,126.36,126.36
3227,4,5,3,3,12,0.43,11,12.910721451372298,77.64110225149477,1,2,Independent House,1,250,330.7,330.7
3656,5,5,2,3,12,1.05,7,12.91390230666869,77.63635354082278,0,2,Apartment,5,427,376.67,376.67
3888,5,5,2,3,4,4.79,9,12.9116097389694,77.64251375086029,1,1,Apartment,4,340,507.3,507.3
4807,5,5,2,2,24,0.54,4,12.908915820733268,77.64156955156267,0,3,Independent House,2,360,413.57,413.57
883,2,2,1,2,19,1.9,1,12.917173135754622,77.64456614621083,1,3,Apartment,15,219,95.36,95.36
841,2,3,2,1,21,2.62,2,12.90936818630919,77.63568958016357,1,2,Villa,0,32,79.51,79.51
2487,3,3,2,4,17,2.57,5,12.917502373538207,77.63557054721151,0,1,Villa,1,133,254.65,254.65
4559,5,5,0,1,14,0.22,10,12.91246005772958,77.63782187074693,1,1,Apartment,19,95,753.0,753.0
